,Title,Date,Link to event,Location
1,Empowerment Day România,Sat Nov 19 10:00 AM,https://www.eventbrite.co.uk/e/empowerment-day-romania-tickets-399924383597?aff=ebdssbdestsearch,Palace Hall • București
2,Diwali Festival Berlin 2022,Tomorrow at 12:00 PM,https://www.eventbrite.com/e/diwali-festival-berlin-2022-tickets-428533925507?aff=ebdssbdestsearch,Sage Beach • Berlin
3,Silvester in der Kulturbrauerei,Sat Dec 31 8:00 PM,https://www.eventbrite.de/e/silvester-in-der-kulturbrauerei-tickets-422324151907?aff=ebdssbdestsearch,KulturBrauerei • Berlin
4,Cairokee (Berlin),Wed Nov 23 7:00 PM,https://www.eventbrite.co.uk/e/cairokee-berlin-tickets-415418717567?aff=ebdssbdestsearch,Huxley's Neue Welt • Berlin
5,Focus and Protect: Autumn Tour 2022 - Milan,Sat Nov 19 10:00 AM,https://www.eventbrite.co.uk/e/focus-and-protect-autumn-tour-2022-milan-tickets-403413680177?aff=ebdssbdestsearch,NH Milano Congress Center • Milano
6,Die lange Nacht der Clubs Stuttgart,Tomorrow at 10:00 PM,https://www.eventbrite.de/e/die-lange-nacht-der-clubs-stuttgart-tickets-93851292743?aff=ebdssbdestsearch,Stuttgart-Mitte • Stuttgart
7,FABBRICA DEL VAPORE -  Openwine,Thu Nov 17 7:00 PM,https://www.eventbrite.it/e/biglietti-fabbrica-del-vapore-openwine-192714593537?aff=ebdssbdestsearch,Vapore 1928 • Milano
8,Istanbul Blockchain Week,,https://www.eventbrite.co.uk/e/istanbul-blockchain-week-tickets-356220865197?aff=ebdssbdestsearch,Hilton Istanbul Bomonti Hotel & Conference Center • Istanbul Istanbul
9,Exit666 Festival [Warehouse Indoor Rave],Sat Nov 26 7:00 PM,https://www.eventbrite.com/e/exit666-festival-warehouse-indoor-rave-tickets-425677210997?aff=ebdssbdestsearch,UTOPIA - A HAPPENING PLACE (ehem. Reithalle) • München
10,TechRadarCon22,,https://www.eventbrite.ie/e/techradarcon22-tickets-400004051887?aff=ebdssbdestsearch,Zappa • Tel Aviv-Yafo Tel Aviv District
11,"""HackInBo - Sicurezza all'ombra delle Torri"" WINTER Edition 2022 - 19° Ed.",Sat Dec 3 9:30 AM,https://www.eventbrite.it/e/biglietti-hackinbo-sicurezza-allombra-delle-torri-winter-edition-2022-19-ed-422310190147?aff=ebdssbdestsearch,FICO Eataly World • Bologna
12,Lumpenbande Vintage Kilo Sale •  München •  Sa. 12.11 &  So. 13.11.22,Tomorrow at 12:00 PM + 1 more event,https://www.eventbrite.de/e/lumpenbande-vintage-kilo-sale-munchen-sa-1211-so-131122-tickets-432424492297?aff=ebdssbdestsearch,Weitblick Eventlocation • München
13,Marwan Moussa in Berlin,Tomorrow at 7:30 PM,https://www.eventbrite.co.uk/e/marwan-moussa-in-berlin-tickets-420541409677?aff=ebdssbdestsearch,Oyoun • Berlin
14,CRAZY PIANOBAR Live Music Show e Dj set,Thu Nov 17 7:30 PM,https://www.eventbrite.it/e/biglietti-crazy-pianobar-live-music-show-e-dj-set-428586041387?aff=ebdssbdestsearch,55 Milano • Milano
18,SHAKE IT OFF!  Pop Dance Party • Sa 19.11.22 • Astra Kulturhaus Berlin,Sat Nov 19 11:00 PM,https://www.eventbrite.de/e/shake-it-off-pop-dance-party-sa-191122-astra-kulturhaus-berlin-tickets-433205688877?aff=ebdssbdestsearch,Astra Kulturhaus • Berlin
19,VinNatur Venezia 2022,Sun Nov 13 10:00 AM + 1 more event,https://www.eventbrite.it/e/biglietti-vinnatur-venezia-2022-414739415757?aff=ebdssbdestsearch,San Francesco della Vigna • Venezia
20,GATE MILANO - SABATO OMAGGIO DONNA | Infoline +393382724181,Tomorrow at 11:00 PM,https://www.eventbrite.it/e/biglietti-gate-milano-sabato-omaggio-donna-infoline-393382724181-122712068099?aff=ebdssbdestsearch,Gate Milano • Milano
21,JAZZ & Sushi IN THE HANGAR  55 Milano,Sun Nov 13 7:00 PM + 2 more events,https://www.eventbrite.it/e/biglietti-jazz-sushi-in-the-hangar-55-milano-248726306077?aff=ebdssbdestsearch,55 Milano • Milano
22,Milano Whisky Festival & Fine Spirits,Sat Dec 3 2:00 PM,https://www.eventbrite.it/e/biglietti-milano-whisky-festival-fine-spirits-391065095227?aff=ebdssbdestsearch,Fondazione Stelline • Milano
23,Middle Hip Hop Party - Guest NEIMA EZZA,Tomorrow at 11:00 PM,https://www.eventbrite.it/e/middle-hip-hop-party-guest-neima-ezza-tickets-449392373687?aff=ebdssbdestsearch,Fonderie Musicali • Rosolina
24,La Tana del Coniglio,Tomorrow at 9:00 PM,https://www.eventbrite.com/e/biglietti-la-tana-del-coniglio-433569817997?aff=ebdssbdestsearch,Cinema Teatro Concordia • San Benedetto del Tronto
25,Großer Pflanzenverkauf - Berlin,Fri Nov 18 10:00 AM,https://www.eventbrite.de/e/groer-pflanzenverkauf-berlin-tickets-444621714517?aff=ebdssbdestsearch,Kühlhaus Berlin • Berlin
26,PEOPLE & CULTURE FESTIVAL 2022,Today at 10:00 AM,https://www.eventbrite.de/e/people-culture-festival-2022-tickets-429555491037?aff=ebdssbdestsearch,Kino Colosseum • Berlin
31,OPENWINE - Fabbrica del Vapore,Thu Nov 17 7:00 PM,https://www.eventbrite.it/e/biglietti-openwine-fabbrica-del-vapore-318714181697?aff=ebdssbdestsearch,Vapore 1928 • Milano
45,Technologie ve společnosti | Technology in society,Sun Nov 13 9:00 AM,https://www.eventbrite.co.uk/e/technologie-ve-spolecnosti-technology-in-society-tickets-445981270987?aff=ebdssbdestsearch,Fakulta informačních technologií ČVUT v Praze • Praha 6
46,Mädels-Nacht-Flohmarkt Oberschwabenhalle Ravensburg,Fri Dec 2 4:00 PM,https://www.eventbrite.de/e/madels-nacht-flohmarkt-oberschwabenhalle-ravensburg-tickets-414916244657?aff=ebdssbdestsearch,OberschwabenHalle Ravensburg • Ravensburg
48,Il Venerdi del Nuovo Bobino Milano - Pop Friday,Today at 7:00 PM,https://www.eventbrite.it/e/biglietti-il-venerdi-del-nuovo-bobino-milano-pop-friday-421715531507?aff=ebdssbdestsearch,Bobino Milano • Milano
49,Silvester All In - 2022/2023 - Praterinsel,Sat Dec 31 8:00 PM,https://www.eventbrite.de/e/silvester-all-in-20222023-praterinsel-tickets-382837857337?aff=ebdssbdestsearch,Praterinsel • München
50,International Entrepreneurship Education Summit 2022,Fri Nov 25 9:00 AM,https://www.eventbrite.de/e/international-entrepreneurship-education-summit-2022-tickets-223899548577?aff=ebdssbdestsearch,Hochschule der Medien • Stuttgart
51,Adonis (Berlin),Sat Nov 19 7:00 PM,https://www.eventbrite.co.uk/e/adonis-berlin-tickets-421292425987?aff=ebdssbdestsearch,Oyoun • Berlin
52,Tirana FinTech Hive 2022,Wed Nov 16 9:30 AM,https://www.eventbrite.co.uk/e/tirana-fintech-hive-2022-tickets-383077574337?aff=ebdssbdestsearch,"Canadian Institute of Technology (""Instituti Kanadez i Teknologjisë"") • Tirana"
53,PG Connects Jordan 2022,Tomorrow at 8:30 AM,https://www.eventbrite.co.uk/e/pg-connects-jordan-2022-tickets-301305461747?aff=ebdssbdestsearch,King Hussein Bin Talal Convention Centre Managed by Hilton • Sweimeh Balqa Governorate
54,jsTalks Bulgaria 2022 (2 day event),Today at 10:00 AM,https://www.eventbrite.com/e/jstalks-bulgaria-2022-2-day-event-tickets-222836920227?aff=ebdssbdestsearch,John Atanasoff Forum Sofia Tech Park • Sofia
55,Nightout - der Filmcasino Samstag,Tomorrow at 11:00 PM + 13 more events,https://www.eventbrite.de/e/nightout-der-filmcasino-samstag-tickets-438592591247?aff=ebdssbdestsearch,Filmcasino • München
56,ITForum Milano 2022,Tue Nov 29 8:30 AM,https://www.eventbrite.it/e/registrazione-itforum-milano-2022-383388704937?aff=ebdssbdestsearch,Hotel Palazzo delle Stelline • Milano
57,סיפורה של דאטהריילס - מסף פירוק להכנסות של עשרות מיליונים,Tue Nov 22 5:00 PM,https://www.eventbrite.com/e/432893184167?aff=ebdssbdestsearch,Azrieli Sarona Tower • Tel Aviv-Yafo Tel Aviv District
58,Tream live @ Arena Hundsdorf,Fri Dec 2 9:00 PM,https://www.eventbrite.com/e/tream-live-arena-hundsdorf-tickets-399434608667?aff=ebdssbdestsearch,Hundsdorf 20 • Thyrnau
59,American Football Fan Experience Bar Crawl  & Day Party - Munich,Tomorrow at 1:00 PM,https://www.eventbrite.com/e/american-football-fan-experience-bar-crawl-day-party-munich-tickets-413126280827?aff=ebdssbdestsearch,Bapas - Bayrische Tapas • München
60,OPENWINE - LA FESTA DEL VINO | Tutti i ns.eventi!! +393382724181,Tomorrow at 7:30 PM,https://www.eventbrite.it/e/biglietti-openwine-la-festa-del-vino-tutti-i-nseventi-393382724181-171626358057?aff=ebdssbdestsearch,Milano • Milano
61,VCT 2022 Game Changers Day 3 – Thursday,Thu Nov 17 4:00 PM,https://www.eventbrite.de/e/vct-2022-game-changers-day-3-thursday-tickets-444582798117?aff=ebdssbdestsearch,LEC Studio Riot Games • Berlin
62,16. JAPANDULT - DER JAPANISCHE WEIHNACHTSMARKT MÜNCHENS,Sun Dec 4 1:00 PM,https://www.eventbrite.de/e/16-japandult-der-japanische-weihnachtsmarkt-munchens-tickets-456254237707?aff=ebdssbdestsearch,UTOPIA – A HAPPENING PLACE • München
63,VICTORIA'S CLUB VENERDI'/CC | Aperitivo/serata +393382724181,Fri Nov 18 7:30 PM,https://www.eventbrite.it/e/biglietti-victorias-club-venerdicc-aperitivoserata-393382724181-325101396027?aff=ebdssbdestsearch,Victoria's Club • Milano
64,Deutschlands Größte Hausparty | T-LOW Live on Stage | 18.11.22,Fri Nov 18 9:00 PM,https://www.eventbrite.de/e/deutschlands-grote-hausparty-t-low-live-on-stage-181122-tickets-321660835217?aff=ebdssbdestsearch,MEC GmbH Millenium Event Center • Braunschweig
65,Visite al giardino giapponese,Thu Nov 17 2:00 PM + 19 more events,https://www.eventbrite.it/e/biglietti-visite-al-giardino-giapponese-297953255207?aff=ebdssbdestsearch,Istituto Giapponese di Cultura in Roma • Roma
66,Istanbul Blockchain Week - Turkish Delegates,,https://www.eventbrite.co.uk/e/istanbul-blockchain-week-turkish-delegates-tickets-402358153067?aff=ebdssbdestsearch,Hilton Istanbul Bomonti Hotel & Conference Center • Istanbul Istanbul
67,Blockchain Conference,Wed Nov 23 2:30 PM,https://www.eventbrite.it/e/biglietti-blockchain-conference-439046849947?aff=ebdssbdestsearch,H-FARM CAMPUS • Roncade
68,KARAOKE ITALIANO @Scuderia // Ogni Giovedì // Bologna // Ingresso Gratuito,Thu Nov 17 9:00 PM + 4 more events,https://www.eventbrite.it/e/biglietti-karaoke-italiano-scuderia-ogni-giovedi-bologna-ingresso-gratuito-427461708477?aff=ebdssbdestsearch,Scuderia Future Food Living Lab • Bologna
69,UX Night at Vinted (3 Talks),Mon Nov 21 6:30 PM,https://www.eventbrite.com/e/ux-night-at-vinted-3-talks-tickets-457030128417?aff=ebdssbdestsearch,Vinted • Vilnius
70,Keramik Pop-Up Sale Augsburg,Fri Nov 18 10:00 AM,https://www.eventbrite.de/e/keramik-pop-up-sale-augsburg-tickets-459983020597?aff=ebdssbdestsearch,Großer Scheiben-Gasbehälter • Augsburg
71,Luminaria Music by Candelight,Sun Nov 13 6:30 PM + 16 more events,https://www.eventbrite.it/e/biglietti-luminaria-music-by-candelight-432427140217?aff=ebdssbdestsearch,Chiesa di San Paolo entro le Mura • Roma
72,Perspektive Wein 2022,Sun Nov 13 11:00 AM + 1 more event,https://www.eventbrite.de/e/perspektive-wein-2022-tickets-396539900517?aff=ebdssbdestsearch,Kulturbetrieb Wagenhallen • Stuttgart
73,Avvicinamento al mondo del mito e della cultura greca,Thu Nov 17 6:30 PM + 1 more event,https://www.eventbrite.it/e/biglietti-avvicinamento-al-mondo-del-mito-e-della-cultura-greca-428374107487?aff=ebdssbdestsearch,Aula Magna Complesso Beato Pellegrino - Università degli studi di Padova • Padova
74,Seminario I Codici delle Scelte con Daniel Lumera,Sun Nov 20 10:00 AM,https://www.eventbrite.it/e/biglietti-seminario-i-codici-delle-scelte-con-daniel-lumera-434029643347?aff=ebdssbdestsearch,G Hotel Vicenza • Creazzo
75,SIO Festival - München,Fri Nov 25 8:30 PM,https://www.eventbrite.de/e/sio-festival-munchen-tickets-425759697717?aff=ebdssbdestsearch,Backstage Kulturzentrum • München
76,Green World Tour Wien,Tomorrow at 11:00 AM,https://www.eventbrite.de/e/green-world-tour-wien-tickets-230530090707?aff=ebdssbdestsearch,Mensa der neuen Wirtschaftsuni Welthandelsplatz 1 1020 Wien • Wien
77,SUB ZERO PROJECT | Prater DOME Wien,Sun Dec 25 10:00 PM,https://www.eventbrite.at/e/sub-zero-project-prater-dome-wien-tickets-415330604017?aff=ebdssbdestsearch,Prater DOME • Wien
78,Shabbat Dinner,Today at 7:30 PM,https://www.eventbrite.com/e/shabbat-dinner-tickets-429007792857?aff=ebdssbdestsearch,NBN TLV Hub • Tel Aviv-Yafo Tel Aviv District
79,Tech Dating Munich  - Tech conferences & Networking with Engineering Teams,Thu Nov 17 6:30 PM,https://www.eventbrite.com/e/tech-dating-munich-tech-conferences-networking-with-engineering-teams-tickets-415927138267?aff=ebdssbdestsearch,Norcom - AI Software • Munich
80,25.11. RAVE'N'ROLL 2022,Fri Nov 25 9:00 PM,https://www.eventbrite.it/e/2511-ravenroll-2022-tickets-460080682707?aff=ebdssbdestsearch,Fischzuchtweg 30 • Brixen
81,David LaChapelle: Poems and Fevers,Thu Nov 17 6:30 PM,https://www.eventbrite.it/e/biglietti-david-lachapelle-poems-and-fevers-430997554287?aff=ebdssbdestsearch,Deodato Arte via Nerino 2 • Milano
82,Saying the Wrong Thing: An English Comedy Hour in Berlin(Free Entry),Wed Nov 16 7:59 PM + 21 more events,https://www.eventbrite.com/e/saying-the-wrong-thing-an-english-comedy-hour-in-berlinfree-entry-tickets-167609357099?aff=ebdssbdestsearch,Kohlenquelle • Berlin
83,David and Goliath: Sustainable Fashion Panel with t3n,Tue Nov 29 6:30 PM,https://www.eventbrite.com/e/david-and-goliath-sustainable-fashion-panel-with-t3n-tickets-433506478547?aff=ebdssbdestsearch,Factory Berlin Görlitzer Park • Berlin
84,VDSIS präsentiert: Meliah LIVE IN BERLIN mit Bröselmann Thiago Maya uvm.,Sat Nov 26 6:00 PM,https://www.eventbrite.de/e/vdsis-prasentiert-meliah-live-in-berlin-mit-broselmann-thiago-maya-uvm-tickets-458297800057?aff=ebdssbdestsearch,EJF Diakoniezentrum Heiligensee • Berlin
85,Officina futurista,Thu Nov 17 8:00 PM,https://www.eventbrite.it/e/biglietti-officina-futurista-333189919017?aff=ebdssbdestsearch,Teatro Dal Verme • Milano
86,BOBINO CLUB VENERDI'-  POP  FRIDAY/CC | Aperitivo/serata +393382724181,Fri Nov 18 7:00 PM,https://www.eventbrite.it/e/biglietti-bobino-club-venerdi-pop-fridaycc-aperitivoserata-393382724181-157331790621?aff=ebdssbdestsearch,Bobino Milano • Milano
87,Pierino... e la Banda!,Sun Nov 20 5:00 PM,https://www.eventbrite.it/e/biglietti-pierino-e-la-banda-458181070917?aff=ebdssbdestsearch,Teatro Dal Verme • Milano
88,Sound The System @ BASIS VINSCHGAU,Sat Dec 3 9:00 PM,https://www.eventbrite.it/e/sound-the-system-basis-vinschgau-tickets-458224721477?aff=ebdssbdestsearch,BASIS Vinschgau Venosta • Silandro
89,Quando il Dal Verme  era un cinema,Sat Nov 19 4:00 PM,https://www.eventbrite.it/e/biglietti-quando-il-dal-verme-era-un-cinema-333199587937?aff=ebdssbdestsearch,Teatro Dal Verme • Milano
90,AL CENTRO DI ROMA: Creuza de mà di Fabrizio De André con G. Castaldo,Thu Dec 1 6:00 PM,https://www.eventbrite.com/e/biglietti-al-centro-di-roma-creuza-de-ma-di-fabrizio-de-andre-con-g-castaldo-444858151707?aff=ebdssbdestsearch,Palazzo Venezia • Roma
91,New York Comedy Club - Berlin: Main Show,Sun Nov 13 9:00 PM + 5 more events,https://www.eventbrite.com/e/new-york-comedy-club-berlin-main-show-tickets-233758797857?aff=ebdssbdestsearch,Z Bar • Berlin
92,Electronic Friday I 23.12.22 I Backstage München,Fri Dec 23 8:00 PM,https://www.eventbrite.de/e/electronic-friday-i-231222-i-backstage-munchen-tickets-440380498927?aff=ebdssbdestsearch,Backstage Kulturzentrum • München
93,Founders Live Cairo,Wed Nov 30 6:00 PM,https://www.eventbrite.com/e/founders-live-cairo-tickets-431539234467?aff=ebdssbdestsearch,Consoleya • Bab Al Louq Cairo Governorate
94,Forever Kick Off 2023,Sat Jan 21 1:00 PM,https://www.eventbrite.de/e/forever-kick-off-2023-tickets-429039497687?aff=ebdssbdestsearch,Eisbach Studios München • München
95,Prince Charming Live! Mit Miss Ivanka T. & Gästen,Thu Nov 17 8:00 PM + 1 more event,https://www.eventbrite.com/e/prince-charming-live-mit-miss-ivanka-t-gasten-tickets-421762080737?aff=ebdssbdestsearch,Bar Zum schmutzigen Hobby • Berlin
96,Instant theatre con Enrico Bertolino,Tomorrow at 9:00 PM,https://www.eventbrite.it/e/biglietti-instant-theatre-con-enrico-bertolino-432084916617?aff=ebdssbdestsearch,Sala Napoleonica - Ville Ponti • Varese
97,Women in Web3: Startup Pitches with the Women Circle,Tue Nov 15 6:30 PM,https://www.eventbrite.com/e/women-in-web3-startup-pitches-with-the-women-circle-tickets-433509317037?aff=ebdssbdestsearch,Factory Berlin Görlitzer Park • Berlin
98,UKWA Royal Fetz,Tomorrow at 6:00 PM,https://www.eventbrite.at/e/ukwa-royal-fetz-tickets-364053101627?aff=ebdssbdestsearch,Gössendorf • Gössendorf
99,SORTIE Club & Teras - Turkish Clubbing - Every Saturday,Tomorrow at 11:00 PM + 15 more events,https://www.eventbrite.de/e/sortie-club-teras-turkish-clubbing-every-saturday-tickets-417882958177?aff=ebdssbdestsearch,SORTIE Club & Teras • München
100,MILANO CAFE' VENERDI'  | Aperitivo/serata info +393382724181,Fri Nov 18 8:00 PM,https://www.eventbrite.it/e/biglietti-milano-cafe-venerdi-aperitivoserata-info-393382724181-241991642517?aff=ebdssbdestsearch,Milano Cafè • Milano
101,Advanced Toolbox For The Data Protection Officer,Wed Nov 23 4:00 PM,https://www.eventbrite.com/e/advanced-toolbox-for-the-data-protection-officer-tickets-425070255577?aff=ebdssbdestsearch,Mine • Tel Aviv-Yafo Tel Aviv District
102,Unicorns in Tech Get-Together - hosted by Deutsche Bahn,Thu Nov 17 7:00 PM,https://www.eventbrite.de/e/unicorns-in-tech-get-together-hosted-by-deutsche-bahn-tickets-439690123997?aff=ebdssbdestsearch,EUREF Campus • Berlin
103,VERTICAL HORIZION ROME by QUIET ENSEMBLE,Today at 7:30 PM + 8 more events,https://www.eventbrite.com/e/biglietti-vertical-horizion-rome-by-quiet-ensemble-454014588857?aff=ebdssbdestsearch,Villa di Fiorano • Roma
104,Unstoppable Women,Mon Nov 14 4:30 PM,https://www.eventbrite.it/e/biglietti-unstoppable-women-429560997507?aff=ebdssbdestsearch,Spazio Lenovo • Milano
105,8. JAPANMARKT BERLIN - DER JAPANISCHE WEIHNACHTSMARKT BERLINS,Sun Nov 27 12:00 PM,https://www.eventbrite.de/e/8-japanmarkt-berlin-der-japanische-weihnachtsmarkt-berlins-tickets-452996333227?aff=ebdssbdestsearch,Festsaal Kreuzberg Biergarten • Berlin
106,جوا البالونة الزرقا - حفل موسيقي مع علي عيسى وأيمن عصفور,Tomorrow at 7:00 PM,https://www.eventbrite.com/e/459961847267?aff=ebdssbdestsearch,Jesuit Cultural Center • CLEOPATRA Alexandria Governorate
107,MIKE WILLIAMS | Prater DOME Wien,Sat Dec 17 10:00 PM,https://www.eventbrite.at/e/mike-williams-prater-dome-wien-tickets-415322178817?aff=ebdssbdestsearch,Prater DOME • Wien
108,EATALY VINO FESTIVAL - Essen Wein & Musik,Thu Nov 24 6:00 PM,https://www.eventbrite.de/e/eataly-vino-festival-essen-wein-musik-tickets-447658327107?aff=ebdssbdestsearch,Eataly München • München
109,Fesch'markt Wien - Das Marktfestival für Design Food & Lifestyle,Today at 2:00 PM,https://www.eventbrite.com/e/feschmarkt-wien-das-marktfestival-fur-design-food-lifestyle-tickets-423149971957?aff=ebdssbdestsearch,Ottakringer Brauerei • Wien
110,U Feel x Half Baked,Fri Nov 18 11:59 PM,https://www.eventbrite.it/e/biglietti-u-feel-x-half-baked-464251828717?aff=ebdssbdestsearch,Super Club • Milano
111,Milano Wargames - AREA GDR,Sun Nov 27 10:00 AM,https://www.eventbrite.it/e/biglietti-milano-wargames-area-gdr-444014207447?aff=ebdssbdestsearch,Parco Esposizioni Novegro • Novegro-Tregarezzo
112,BNB Chain Innovation Meetup - İstanbul,Tue Nov 15 6:00 PM,https://www.eventbrite.com/e/bnb-chain-innovation-meetup-istanbul-tickets-460150341057?aff=ebdssbdestsearch,Bomonti bira fabrikası • Istanbul İstanbul
113,Discothèque - New Years Eve 2022/23,Sat Dec 31 9:00 PM,https://www.eventbrite.de/e/discotheque-new-years-eve-202223-tickets-405297073457?aff=ebdssbdestsearch,Spindler & Klatt • Berlin
114,Decentralized Sustainability: Blockchain & Web3.0 enabling a greener future,Thu Dec 1 3:30 PM,https://www.eventbrite.co.uk/e/decentralized-sustainability-blockchain-web30-enabling-a-greener-future-tickets-441465785047?aff=ebdssbdestsearch,Impact Hub Berlin • Berlin
115,Future Talk: The Future of Air Travel,Mon Nov 14 5:00 PM,https://www.eventbrite.at/e/future-talk-the-future-of-air-travel-tickets-420382002887?aff=ebdssbdestsearch,Vienna AirportCity Office Park 4 • Schwechat
116,TUM IDEAward 2022,Thu Nov 24 6:00 PM,https://www.eventbrite.de/e/tum-ideaward-2022-registration-443182539907?aff=ebdssbdestsearch,Foyer Audimax • München
117,Corridoio o finestrino? Prenota un posto vicino a Sammy,Wed Nov 16 8:30 PM,https://www.eventbrite.it/e/biglietti-corridoio-o-finestrino-prenota-un-posto-vicino-a-sammy-426730852467?aff=ebdssbdestsearch,Multisala Corso • Treviso
118,Open Day - Scopri H-FARM International School,Tomorrow at 10:00 AM,https://www.eventbrite.it/e/open-day-scopri-h-farm-international-school-tickets-439021203237?aff=ebdssbdestsearch,H-FARM CAMPUS • Roncade
119,Evento special Vintage Calle Corte Legrenzi,Tomorrow at 10:00 AM,https://www.eventbrite.com/e/biglietti-evento-special-vintage-calle-corte-legrenzi-443367021697?aff=ebdssbdestsearch,Corte Legrenzi • Venezia
120,The Shade - 12 Novembre,Tomorrow at 8:00 PM,https://www.eventbrite.it/e/biglietti-the-shade-12-novembre-456896950077?aff=ebdssbdestsearch,Limonaia di Villa Strozzi • Firenze
121,TalksOnDesign: Design System alla ricerca della coerenza,Tue Nov 15 6:30 PM,https://www.eventbrite.it/e/biglietti-talksondesign-design-system-alla-ricerca-della-coerenza-428568759697?aff=ebdssbdestsearch,Nana Bianca • Firenze
122,Current Trends in Funding Israel and Worldwide,Sun Nov 13 6:45 PM,https://www.eventbrite.co.uk/e/current-trends-in-funding-israel-and-worldwide-tickets-460633696787?aff=ebdssbdestsearch,דיזי פרישדון • תל אביב מחוז תל אביב
123,BeThrifty Vintage Kilo Sale | München | 25. & 26.  November,Fri Nov 25 1:00 PM + 1 more event,https://www.eventbrite.ca/e/bethrifty-vintage-kilo-sale-munchen-25-26-november-tickets-430812430577?aff=ebdssbdestsearch,Audi Dome • München
124,Eurekalabria | ITNOG on the Road - Lamezia Terme,Wed Nov 16 9:00 AM,https://www.eventbrite.it/e/biglietti-eurekalabria-itnog-on-the-road-lamezia-terme-450442273967?aff=ebdssbdestsearch,Lamezia Terme • Lamezia Terme
125,Caccia al Tesoro a Treviso_settima tappa TCW2022,Sun Nov 13 10:00 AM,https://www.eventbrite.it/e/biglietti-caccia-al-tesoro-a-treviso-settima-tappa-tcw2022-442939212107?aff=ebdssbdestsearch,Treviso • Treviso
126,EdTech after the Pandemic: Successes and Learnings,Thu Dec 1 6:30 PM,https://www.eventbrite.com/e/edtech-after-the-pandemic-successes-and-learnings-tickets-433514973957?aff=ebdssbdestsearch,Factory Berlin Görlitzer Park • Berlin
127,"Liceo Classico ""S.M. Legnani""- Open Day n.1 -  20",Sun Nov 20 8:30 AM,https://www.eventbrite.it/e/biglietti-liceo-classico-sm-legnani-open-day-n1-20-439216457247?aff=ebdssbdestsearch,Via Angelo Volonterio 34 • Saronno
128,La Casa di Babbo Natale Arezzo,Fri Nov 25 12:00 PM + 204 more events,https://www.eventbrite.it/e/biglietti-la-casa-di-babbo-natale-arezzo-421314953367?aff=ebdssbdestsearch,Palazzo della Fraternita dei Laici • Arezzo
129,Napa Talks 2022 & Award Ceremony,Fri Nov 18 11:00 AM,https://www.eventbrite.com/e/napa-talks-2022-award-ceremony-tickets-438933089687?aff=ebdssbdestsearch,MO muziejus • Vilnius
130,25° Compleanno THE SUN - EVENTO ESCLUSIVO @Assisi,Sat Dec 3 7:30 PM,https://www.eventbrite.it/e/biglietti-25-compleanno-the-sun-evento-esclusivo-assisi-413286439867?aff=ebdssbdestsearch,Teatro Lyrick Assisi • Santa Maria degli Angeli
131,Alt-Finance Day 2022,Thu Nov 24 9:15 AM,https://www.eventbrite.it/e/biglietti-alt-finance-day-2022-439070310117?aff=ebdssbdestsearch,Palazzo dei Giureconsulti • Milano
132,Beyond green - alle radici della vera sostenibilità,Fri Nov 25 3:00 PM,https://www.eventbrite.it/e/biglietti-beyond-green-alle-radici-della-vera-sostenibilita-420561900967?aff=ebdssbdestsearch,Auditorium Campus Scientifico Università Ca' Foscari • Mestre
133,"★LIVE STAND UP COMEDY★im Comedy Club ""Mad Monkey Room"" | 18:00h| 030 COMEDY",Sun Nov 13 6:00 PM + 34 more events,https://www.eventbrite.de/e/live-stand-up-comedyim-comedy-club-mad-monkey-room-1800h-030-comedy-tickets-383463679187?aff=ebdssbdestsearch,Mad Monkey Room • Berlin
134,DAMA Italy Annual Convention 2022,Fri Nov 25 9:30 AM,https://www.eventbrite.it/e/biglietti-dama-italy-annual-convention-2022-429060841527?aff=ebdssbdestsearch,FICO Eataly World • Bologna
135,NOTTURNA: Viaggio nei Tarocchi tra affreschi e mistero,Sat Nov 26 9:00 PM,https://www.eventbrite.it/e/biglietti-notturna-viaggio-nei-tarocchi-tra-affreschi-e-mistero-411339045157?aff=ebdssbdestsearch,CASTELLO DI MALPAGA • CAVERNAGO
136,Thanksgiving Dinner,Thu Nov 24 7:00 PM,https://www.eventbrite.com/e/thanksgiving-dinner-tickets-429043930947?aff=ebdssbdestsearch,NBN TLV Hub • Tel Aviv-Yafo Tel Aviv District
137,87. ZEIT Forum Wissenschaft,Wed Nov 23 7:00 PM,https://www.eventbrite.de/e/87-zeit-forum-wissenschaft-tickets-458445040457?aff=ebdssbdestsearch,Berlin-Brandenburgische Akademie der Wissenschaften • Berlin
138,silent.move walk'n'dance disco tour // Berlin.,Fri Nov 18 8:30 PM + 7 more events,https://www.eventbrite.de/e/silentmove-walkndance-disco-tour-berlin-tickets-157180987565?aff=ebdssbdestsearch,Gendarmenmarkt • Berlin
139,Next Block Expo OPENING PARTY - Blockchain Festival Night 1,Tue Nov 22 10:00 PM,https://www.eventbrite.com/e/next-block-expo-opening-party-blockchain-festival-night-1-tickets-453915903687?aff=ebdssbdestsearch,Warschauer Pl. 18 • Berlin
140,OPEN DAY  | Corsi di Disegno e Pittura | Milano Painting Academy,Tomorrow at 10:30 AM + 1 more event,https://www.eventbrite.it/e/biglietti-open-day-corsi-di-disegno-e-pittura-milano-painting-academy-172957489507?aff=ebdssbdestsearch,Via Francesco de Sanctis 34 • Milano
141,La fusione a Padova,Mon Nov 21 3:00 PM,https://www.eventbrite.it/e/biglietti-la-fusione-a-padova-444130545417?aff=ebdssbdestsearch,Aula Magna di Palazzo Bo • Padova
142,Comedy im Hörsaal Wien,Wed Nov 23 7:00 PM,https://www.eventbrite.com/e/comedy-im-horsaal-wien-tickets-430156027257?aff=ebdssbdestsearch,Universität Wien Fakultät Mathematik • Wien
143,MAD MONDAY MAINSHOW- Stand up Comedy im Mad Monkey Room (20 Uhr),Mon Nov 14 8:00 PM + 6 more events,https://www.eventbrite.de/e/mad-monday-mainshow-stand-up-comedy-im-mad-monkey-room-20-uhr-tickets-162407754967?aff=ebdssbdestsearch,Mad Monkey Room • Berlin
144,Kätz Club - XTRAVAGANZA - Kink & Glam,Today at 10:00 PM + 3 more events,https://www.eventbrite.de/e/katz-club-xtravaganza-kink-glam-tickets-387106334467?aff=ebdssbdestsearch,KÄTZ • Leipzig
145,Piano Night,Wed Nov 16 7:30 PM,https://www.eventbrite.de/e/piano-night-tickets-420580787457?aff=ebdssbdestsearch,JazzHall (an der Hochschule für Musik und Theater) • Hamburg
146,COMEDY EXTRAVAGANZA with Reginald Bärris,Fri Nov 18 7:30 PM + 29 more events,https://www.eventbrite.at/e/comedy-extravaganza-with-reginald-barris-tickets-382096489887?aff=ebdssbdestsearch,Shebeen International Pub • Wien
147,Moon Party - NBX Blockchain Festival Night 2,Wed Nov 23 10:00 PM,https://www.eventbrite.com/e/moon-party-nbx-blockchain-festival-night-2-tickets-453912553667?aff=ebdssbdestsearch,Warschauer Pl. 18 • Berlin
148,PURE VENOM ANNIVERSARY w/ KØ:LAB & NEON GRAVEYARD | 24 HR RAVE,Sat Nov 19 11:59 PM,https://www.eventbrite.de/e/pure-venom-anniversary-w-klab-neon-graveyard-24-hr-rave-tickets-460971386827?aff=ebdssbdestsearch,TWENTYFIVE CLUB & Baalsaal • Hamburg
149,TECH DAY 2022,Thu Nov 17 1:00 PM,https://www.eventbrite.at/e/tech-day-2022-tickets-223268591367?aff=ebdssbdestsearch,ThirtyFive Eventlocation • Wien
150,Cantaloop trifft baff!,Tomorrow at 5:00 PM,https://www.eventbrite.de/e/cantaloop-trifft-baff-tickets-423170924627?aff=ebdssbdestsearch,Ev.-Luth. Friedenskirche Altona • Hamburg
151,BookCity | Comunicare con gli algoritmi,Thu Nov 17 5:30 PM,https://www.eventbrite.it/e/registrazione-bookcity-comunicare-con-gli-algoritmi-446020127207?aff=ebdssbdestsearch,MEET Digital Culture Center • Milano
152,Beerlesque @Manifest,Sun Nov 27 4:00 PM,https://www.eventbrite.com/e/beerlesque-manifest-tickets-311425571267?aff=ebdssbdestsearch,Manifest Taproom • Berlin
153,LACHEN MUSS SEIN! Khalid Benaissa und Faiz - Stand-Up Comedy Show,Sun Nov 27 6:00 PM,https://www.eventbrite.de/e/lachen-muss-sein-khalid-benaissa-und-faiz-stand-up-comedy-show-tickets-442681892457?aff=ebdssbdestsearch,Rp5 Stage • Hannover
154,MILANO FASHION GALA  (F/W 23 ) February 25th 2023,Sat Feb 25 5:00 PM,https://www.eventbrite.com/e/milano-fashion-gala-fw-23-february-25th-2023-tickets-318315749977?aff=ebdssbdestsearch,Meliá Milano • Milano
155,LISTEN TO MUNICH,Today at 12:00 PM,https://www.eventbrite.de/e/listen-to-munich-tickets-409759821657?aff=ebdssbdestsearch,Feierwerk • München
156,Dom Pérignon x Lady Gaga Luminous Nights @NOMAD,Tomorrow at 6:30 PM,https://www.eventbrite.com/e/dom-perignon-x-lady-gaga-luminous-nights-nomad-tickets-439097551597?aff=ebdssbdestsearch,NOMAD Restaurant Hamburg • Hamburg
157,Fiducia Cooperazione Futuro: diventiamo grandi insieme!,Thu Nov 24 8:30 PM,https://www.eventbrite.it/e/biglietti-fiducia-cooperazione-futuro-diventiamo-grandi-insieme-459961105047?aff=ebdssbdestsearch,Teatro alle Stimate • Verona
158,Ridi a Creepypelle - Firmacopie con PERA TOONS - NAPOLI,Fri Nov 18 5:00 PM,https://www.eventbrite.it/e/biglietti-ridi-a-creepypelle-firmacopie-con-pera-toons-napoli-419522833087?aff=ebdssbdestsearch,Feltrinelli Megastore • Napoli
159,PianoBar – Live Music Show in The Hangar 55 Milano,Thu Nov 17 7:30 PM + 4 more events,https://www.eventbrite.it/e/biglietti-pianobar-live-music-show-in-the-hangar-55-milano-421734237457?aff=ebdssbdestsearch,55 Milano • Milano
160,Vinterfesten,Fri Dec 9 5:00 PM,https://www.eventbrite.co.uk/e/vinterfesten-biljetter-423191014717?aff=ebdssbdestsearch,Media Evolution • Malmö
161,Women In Leadership Week 2022,Mon Nov 21 6:00 PM,https://www.eventbrite.de/e/women-in-leadership-week-2022-tickets-451692994907?aff=ebdssbdestsearch,ESMT Berlin • Berlin
162,Becoming 1%er - Vienna Exclusive,Sun Nov 20 2:00 PM,https://www.eventbrite.com/e/becoming-1er-vienna-exclusive-tickets-439031975457?aff=ebdssbdestsearch,Krakauer Str. 19 • Wien
163,SCHNACK Stand-Up Comedy im Haus73,Thu Dec 8 8:00 PM + 6 more events,https://www.eventbrite.de/e/schnack-stand-up-comedy-im-haus73-tickets-341889218857?aff=ebdssbdestsearch,Haus 73 • Hamburg
164,BAPS Diwali Annakut Celebration & Mystic India Movie Screening Stuttgart,Sat Nov 19 4:00 PM,https://www.eventbrite.com/e/baps-diwali-annakut-celebration-mystic-india-movie-screening-stuttgart-tickets-445526370367?aff=ebdssbdestsearch,TVH Botnang • Stuttgart
165,Cangrande OPEN DAY 2022-2023,Fri Jan 13 6:30 PM + 7 more events,https://www.eventbrite.it/e/biglietti-cangrande-open-day-2022-2023-440241974597?aff=ebdssbdestsearch,Its Cangrande della Scala • Verona
166,Not A Drug Dealer - English Stand-Up Comedy Night with Malinda Perera,Sun Nov 20 7:00 PM,https://www.eventbrite.at/e/not-a-drug-dealer-english-stand-up-comedy-night-with-malinda-perera-tickets-328832335367?aff=ebdssbdestsearch,Shamrock Irish Pub • München
167,Farra profuma d'autunno | Escursione letteraria  - Paesaggio,Sun Nov 27 9:30 AM,https://www.eventbrite.it/e/biglietti-farra-profuma-dautunno-escursione-letteraria-paesaggio-391126438707?aff=ebdssbdestsearch,Area Festeggiamenti Proloco Soligo • Farra di Soligo TV
168,Punto. Diverse Prospettive 2022: Contatto,Tomorrow at 4:00 PM,https://www.eventbrite.it/e/biglietti-punto-diverse-prospettive-2022-contatto-435691764797?aff=ebdssbdestsearch,"Cinema Teatro ""Romano Pascutto"" • San Stino di Livenza"
169,Kirk Smith Christmas Gospel Nights 25. Nov. 2022,Fri Nov 25 7:00 PM,https://www.eventbrite.de/e/kirk-smith-christmas-gospel-nights-25-nov-2022-tickets-424545044657?aff=ebdssbdestsearch,Evangelische Kirchengemeinde Gustav-Adolf • Berlin
170,E-Commerce Inspiration Night (#5) Pre-Christmas-Edition by Vouchercube,Wed Nov 23 5:30 PM,https://www.eventbrite.at/e/e-commerce-inspiration-night-5-pre-christmas-edition-by-vouchercube-tickets-410302093607?aff=ebdssbdestsearch,ZIMMER Design and Work • Wien
171,BEST OF SCHNACK Stand-Up Comedy im Centralkomitee,Wed Nov 16 8:00 PM + 2 more events,https://www.eventbrite.de/e/best-of-schnack-stand-up-comedy-im-centralkomitee-tickets-411220530677?aff=ebdssbdestsearch,Centralkomitee Hamburg • Hamburg
172,DIFFERENT THINGS - Rassegna ClassicAperta,Thu Nov 17 7:00 PM,https://www.eventbrite.it/e/biglietti-different-things-rassegna-classicaperta-414568825517?aff=ebdssbdestsearch,"Fondazione Casa della Carità ""A. Abriani"" • Milano"
173,UnipolSai Briantea84 Cantù-Self Group Millennium Basket Padova,Tomorrow at 8:30 PM,https://www.eventbrite.it/e/biglietti-unipolsai-briantea84-cantu-self-group-millennium-basket-padova-458351590947?aff=ebdssbdestsearch,Palameda • Meda
174,The Epic Comedy Show: An English Comedy Event in Berlin (English-Speaking),Fri Nov 18 8:00 PM + 2 more events,https://www.eventbrite.com/e/the-epic-comedy-show-an-english-comedy-event-in-berlin-english-speaking-tickets-159686969023?aff=ebdssbdestsearch,1820 Bar • Berlin
175,ROOTS X NSG,Tomorrow at 7:00 PM,https://www.eventbrite.de/e/roots-x-nsg-tickets-421214723577?aff=ebdssbdestsearch,Große Freiheit 36 • Hamburg
176,VITERBO - Viaggio tra Stelle e Pianeti al Planetario Umbria Skywatching,Sat Nov 19 3:00 PM,https://www.eventbrite.it/e/biglietti-viterbo-viaggio-tra-stelle-e-pianeti-al-planetario-umbria-skywatching-449826241397?aff=ebdssbdestsearch,Chiesa Parrocchiale della Sacra Famiglia • Viterbo
177,Nimsaj's Stand Up Comedy - Open Mic,Tomorrow at 8:00 PM + 57 more events,https://www.eventbrite.co.uk/e/nimsajs-stand-up-comedy-open-mic-tickets-327889174347?aff=ebdssbdestsearch,Café Votiv • Wien
178,Kuriose Visionäre @ Hochlandhalle,Sat Nov 26 2:00 PM,https://www.eventbrite.com/e/kuriose-visionare-hochlandhalle-tickets-461724138327?aff=ebdssbdestsearch,Weilheim Hochlandhalle • Weilheim in Oberbayern
179,Fuckup Nights Vienna Vol. 36 | 8th Fuckupversary powered by IP Österreich,Tue Nov 29 5:30 PM,https://www.eventbrite.at/e/fuckup-nights-vienna-vol-36-8th-fuckupversary-powered-by-ip-osterreich-tickets-464195570447?aff=ebdssbdestsearch,The Social Hub Vienna • Wien
180,Headless // Team 80s • Leipzig,Tomorrow at 11:00 PM,https://www.eventbrite.de/e/headless-team-80s-leipzig-tickets-449451510567?aff=ebdssbdestsearch,Moritzbastei • Leipzig
181,Movie80's Party Vol.2 | 19 novembre| ore 22.00,Sat Nov 19 10:00 PM,https://www.eventbrite.it/e/biglietti-movie80s-party-vol2-19-novembre-ore-2200-463716316987?aff=ebdssbdestsearch,AncheCinema • Bari
182,Progettare  UdA  con il format Disegnare il Futuro,Wed Nov 23 4:30 PM + 2 more events,https://www.eventbrite.it/e/biglietti-progettare-uda-con-il-format-disegnare-il-futuro-427047429357?aff=ebdssbdestsearch,Manzoni • Verona
183,the ANTIwar Comedy show • a CHARITY Stand up Comedy show in English,Thu Nov 17 8:30 PM + 4 more events,https://www.eventbrite.co.uk/e/the-antiwar-comedy-show-a-charity-stand-up-comedy-show-in-english-tickets-313667175967?aff=ebdssbdestsearch,"Bar ""Space Meduza"" • Berlin"
184,Open Day - Explore the H-FARM International School in Vicenza,Tomorrow at 9:00 AM,https://www.eventbrite.it/e/open-day-explore-the-h-farm-international-school-in-vicenza-tickets-439504077527?aff=ebdssbdestsearch,H-FARM International School Vicenza • Vicenza
185,Christmas Miracle,Tomorrow at 7:00 PM,https://www.eventbrite.com/e/christmas-miracle-tickets-444168940257?aff=ebdssbdestsearch,Vilniaus universiteto Kultūros centras (VU Didžioji aula) M. K. Čiurlionio g. 21 Vilnius 03101 • Vilnius
186,Lifebuoy Crew X Zwischenbau - Final Dance,Tomorrow at 10:00 PM,https://www.eventbrite.de/e/lifebuoy-crew-x-zwischenbau-final-dance-tickets-447941353647?aff=ebdssbdestsearch,Zwischenbau • Rostock
187,Expedition,Fri Nov 25 9:00 PM,https://www.eventbrite.it/e/biglietti-expedition-445976877847?aff=ebdssbdestsearch,Civico Planetario Ulrico Hoepli • Milano
188,JavaSummit IL '22,Mon Nov 21 8:30 AM,https://www.eventbrite.com/e/javasummit-il-22-tickets-341201943197?aff=ebdssbdestsearch,David Intercontinental • Tel Aviv-Yafo Tel Aviv District
189,המחלקה המשפטית וארגון הציות של התעשייה האווירית מזמינים: מניעת שוחד ושחיתות,Tue Nov 22 8:30 AM,https://www.eventbrite.com/e/444512578087?aff=ebdssbdestsearch,מרכז פרס לשלום ולחדשנות • תל אביב מחוז תל אביב
190,Female Business Hub Netzwerken: Bubbly Networking inkl. Gründungsstory,Thu Nov 24 7:00 PM,https://www.eventbrite.de/e/female-business-hub-netzwerken-bubbly-networking-inkl-grundungsstory-tickets-442916905387?aff=ebdssbdestsearch,Erchy`s • Berlin
191,UX-Testing at the Startup Incubator Berlin - November 2022,Thu Nov 24 5:00 PM,https://www.eventbrite.de/e/ux-testing-at-the-startup-incubator-berlin-november-2022-tickets-439489303337?aff=ebdssbdestsearch,Startup Incubator Berlin • Berlin
192,Index #2 | Riflessioni sulla leadership e sulla felicità lavorativa,Thu Dec 15 6:30 PM,https://www.eventbrite.it/e/biglietti-index-2-riflessioni-sulla-leadership-e-sulla-felicita-lavorativa-443236792177?aff=ebdssbdestsearch,H-FARM CAMPUS • Roncade
193,Dancing With Myself | 80s Party • Weltecho Chemnitz • Sa 12.11.22,Tomorrow at 11:00 PM,https://www.eventbrite.de/e/dancing-with-myself-80s-party-weltecho-chemnitz-sa-121122-tickets-418318821857?aff=ebdssbdestsearch,Weltecho • Chemnitz
194,2000 POWER @SodaPops // Il Lunedì di Bologna // Ingresso Gratuito,Mon Nov 14 10:30 PM + 37 more events,https://www.eventbrite.it/e/biglietti-2000-power-sodapops-il-lunedi-di-bologna-ingresso-gratuito-462408896457?aff=ebdssbdestsearch,Soda Pops • Bologna
195,WelcomeHack Winter 2022,Sat Nov 26 8:00 PM,https://www.eventbrite.com/e/welcomehack-winter-2022-tickets-422550238137?aff=ebdssbdestsearch,Västra Storgatan 16 553 15 Jönköping Sweden • Jönkoping
196,L'Ulisse: dall'oralità alla scena,Sun Nov 20 7:00 PM,https://www.eventbrite.it/e/biglietti-lulisse-dalloralita-alla-scena-449690595677?aff=ebdssbdestsearch,Heracles Gymnasium • Milano
197,champI4.0ns - Innovation in der Industrie - Daten & Holzwerkstoff,Thu Nov 17 2:00 PM,https://www.eventbrite.com/e/champi40ns-innovation-in-der-industrie-daten-holzwerkstoff-tickets-439779340847?aff=ebdssbdestsearch,wolke19 im Ares Tower • Wien
198,V.O.I.C.E - Winter Fairytale I,Sat Dec 10 7:00 PM,https://www.eventbrite.at/e/voice-winter-fairytale-i-tickets-347944851417?aff=ebdssbdestsearch,Lorely-Saal • Wien
199,DJ per lo sport,Fri Nov 18 7:00 PM,https://www.eventbrite.com/e/biglietti-dj-per-lo-sport-431646796187?aff=ebdssbdestsearch,I.I.S. Badoni • Lecco
200,15x4 Talks - Math AnomalitiesGreen H2 TechMicrobes & Resistance to Change,Thu Nov 17 7:00 PM,https://www.eventbrite.com/e/15x4-talks-math-anomalitiesgreen-h2-techmicrobes-resistance-to-change-registration-446537354247?aff=ebdssbdestsearch,Stylight • München
201,Get ConneCCted  - Meet Forever and Friends - Meerane,Tomorrow at 3:00 PM,https://www.eventbrite.de/e/get-conneccted-meet-forever-and-friends-meerane-tickets-440898408007?aff=ebdssbdestsearch,Romantik Hotel Schwanefeld & SPA • Meerane
202,Plant Swap Nürnberg  #3,Tue Nov 15 6:00 PM,https://www.eventbrite.com/e/plant-swap-nurnberg-3-tickets-419645851037?aff=ebdssbdestsearch,Kulturwerkstatt Auf AEG • Nürnberg
203,Co-Founder Match  Vol.9,Tue Nov 22 6:30 PM,https://www.eventbrite.de/e/co-founder-match-vol9-tickets-414703277667?aff=ebdssbdestsearch,German Entrepreneurship Center • München
204,Benefizkonzert mit Landespolizeiorchester Brandenburg,Fri Nov 18 7:00 PM,https://www.eventbrite.de/e/benefizkonzert-mit-landespolizeiorchester-brandenburg-tickets-445133314727?aff=ebdssbdestsearch,Katholische Pfarrkirche St. Peter und Paul • Potsdam
205,SUNDAY BRUNCH - Una domenica speciale in Piazza Gae Aulenti Milano,Sun Nov 13 11:00 AM,https://www.eventbrite.it/e/biglietti-sunday-brunch-una-domenica-speciale-in-piazza-gae-aulenti-milano-463479157637?aff=ebdssbdestsearch,illy Caffè • Milano
206,Goa Rituals w/ Major7,Tomorrow at 11:00 PM,https://www.eventbrite.de/e/goa-rituals-w-major7-tickets-443215007017?aff=ebdssbdestsearch,M-Bia • Berlin
207,metafinanz – Rebels at Work,Thu Nov 17 6:00 PM,https://www.eventbrite.de/e/metafinanz-rebels-at-work-tickets-443177324307?aff=ebdssbdestsearch,Business & IT Consulting | metafinanz GmbH • München
208,TvBoy: Roma Art Night,Tue Nov 22 6:30 PM,https://www.eventbrite.it/e/biglietti-tvboy-roma-art-night-461773556137?aff=ebdssbdestsearch,Via Giulia 122 • Roma
209,New York Comedy Club - Berlin: Main Show at Limited MF,Wed Nov 16 9:30 PM + 2 more events,https://www.eventbrite.com/e/new-york-comedy-club-berlin-main-show-at-limited-mf-tickets-407961001337?aff=ebdssbdestsearch,Limited MF • Berlin
210,SHABBY - Stand up Comedy im Mad Monkey Room (20:00 Uhr),Fri Nov 18 8:00 PM + 7 more events,https://www.eventbrite.de/e/shabby-stand-up-comedy-im-mad-monkey-room-2000-uhr-tickets-157761885045?aff=ebdssbdestsearch,Mad Monkey Room • Berlin
211,IL CORAGGIO DELLE DONNE - FARE IMPRESA OGGI,Tue Nov 15 4:30 PM,https://www.eventbrite.com/e/biglietti-il-coraggio-delle-donne-fare-impresa-oggi-448467778197?aff=ebdssbdestsearch,Biblioteca Europea • Roma
212,"""E quindi.....Inferno!"" 12 novembre",Tomorrow at 9:00 PM,https://www.eventbrite.it/e/biglietti-e-quindiinferno-12-novembre-438926399677?aff=ebdssbdestsearch,Teatro Marcello Mastroianni • San Martino Siccomario
213,OMEGA-Digital Art Exhibition,Today at 7:30 PM,https://www.eventbrite.co.uk/e/omega-digital-art-exhibition-tickets-461734188387?aff=ebdssbdestsearch,Praxitelous 26 • Athina
214,Los pájaros negros de 2020,Wed Nov 23 9:00 PM + 1 more event,https://www.eventbrite.it/e/biglietti-los-pajaros-negros-de-2020-452960325527?aff=ebdssbdestsearch,Spazio Teatro No'hma Teresa Pomodoro • Milano
215,"Female Networking Night ""Sichtbarkeit & Standing""",Fri Nov 18 7:00 PM,https://www.eventbrite.de/e/female-networking-night-sichtbarkeit-standing-tickets-386033796477?aff=ebdssbdestsearch,Akademischer Gesangverein München - Chor Orchester BigBand Theater • München
216,BeShort - Brand Entertainment Short Movie Summit,Thu Dec 1 10:00 AM,https://www.eventbrite.com/e/biglietti-beshort-brand-entertainment-short-movie-summit-450419024427?aff=ebdssbdestsearch,Anteo City Life • Milano
217,The Merage DeserTech Competition Finals,Tue Nov 22 6:00 PM,https://www.eventbrite.com/e/the-merage-desertech-competition-finals-tickets-417527404707?aff=ebdssbdestsearch,Carasso Science Park • Be'er Sheva South District
218,Gründerszene Spätschicht Berlin - Christmas Edition - 01.12.22,Thu Dec 1 7:00 PM,https://www.eventbrite.de/e/grunderszene-spatschicht-berlin-christmas-edition-011222-tickets-215575781967?aff=ebdssbdestsearch,Napoleon Komplex • Berlin
219,LA STORIA DEL JAZZ  suonata e raccontata da  PAOLO TOMELLERI e la sua BAND,Sun Nov 13 5:00 PM,https://www.eventbrite.it/e/biglietti-la-storia-del-jazz-suonata-e-raccontata-da-paolo-tomelleri-e-la-sua-band-410606544227?aff=ebdssbdestsearch,Teatro Bello • Milano
220,BENETTI HALF MARATHON LIVORNO 2022 - Apertura Faro di Livorno,Tomorrow at 10:00 AM + 7 more events,https://www.eventbrite.it/e/biglietti-benetti-half-marathon-livorno-2022-apertura-faro-di-livorno-445588947537?aff=ebdssbdestsearch,Via Edda Fagni 85 • Livorno
221,BeComedy a Roma,Sun Nov 27 8:00 PM,https://www.eventbrite.co.uk/e/biglietti-becomedy-a-roma-441589164077?aff=ebdssbdestsearch,SNODO • Roma
222,BOOST 14: The Future of Finance In a World of Uncertainty,Tue Nov 22 9:00 AM,https://www.eventbrite.com/e/boost-14-the-future-of-finance-in-a-world-of-uncertainty-tickets-449365643737?aff=ebdssbdestsearch,Designit Tel Aviv • Tel Aviv-Yafo Tel Aviv District
223,"Franz Schubert: As-Dur Messe/ Sinfonie Nr. 7 ""Unvollendete""",Tomorrow at 7:00 PM,https://www.eventbrite.de/e/franz-schubert-as-dur-messe-sinfonie-nr-7-unvollendete-tickets-443621211987?aff=ebdssbdestsearch,Emmaus-Kirche - Ev. Emmaus-Ölberg-Kirchengemeinde • Berlin
224,FuckUp Nights Leipzig Vol. 42,Thu Dec 1 8:00 PM,https://www.eventbrite.com/e/fuckup-nights-leipzig-vol-42-tickets-450799693017?aff=ebdssbdestsearch,WERK 2 Kulturfabrik • Leipzig
225,Il Bosco Vivo di Selvazzano,Sun Nov 13 11:15 AM + 1 more event,https://www.eventbrite.it/e/biglietti-il-bosco-vivo-di-selvazzano-450415423657?aff=ebdssbdestsearch,Parco via Veneto • Selvazzano Dentro
226,Mayhem live in Leipzig 2022,Thu Dec 15 8:00 PM,https://www.eventbrite.de/e/mayhem-live-in-leipzig-2022-tickets-86332876959?aff=ebdssbdestsearch,Haus Leipzig • Leipzig
227,Die Zero Waste Austria Konferenz zur Zukunft des Handels,Thu Nov 17 9:00 AM,https://www.eventbrite.at/e/die-zero-waste-austria-konferenz-zur-zukunft-des-handels-tickets-409900983877?aff=ebdssbdestsearch,Ottakringer Brauerei • Wien
228,TRIOGIPFEL E.T.A. 200 – „Wo die Sprache aufhört fängt die Musik an“,Sat Nov 19 6:00 PM,https://www.eventbrite.de/e/triogipfel-eta-200-wo-die-sprache-aufhort-fangt-die-musik-an-tickets-354471974217?aff=ebdssbdestsearch,Kühlhaus Berlin • Berlin
229,ROTE SONNE NYE & NYD WEEKENDER 2022/2023,Sat Dec 31 11:00 PM,https://www.eventbrite.de/e/rote-sonne-nye-nyd-weekender-20222023-tickets-451680607857?aff=ebdssbdestsearch,Rote Sonne • München
230,INVITATION: Estonian Ambassador to Israel + Wine Nov 15th 7pm,Tue Nov 15 7:00 PM,https://www.eventbrite.com/e/invitation-estonian-ambassador-to-israel-wine-nov-15th-7pm-tickets-464241568027?aff=ebdssbdestsearch,Rothschild 49 Art Gallery • Tel Aviv
231,TPK! Total Party Kon,Tomorrow at 10:00 AM,https://www.eventbrite.com/e/biglietti-tpk-total-party-kon-440802009677?aff=ebdssbdestsearch,La Casa dei Giochi • Milano
232,REMIRA MARKET 13 Novembre MILANO,Sun Nov 13 10:30 AM,https://www.eventbrite.it/e/registrazione-remira-market-13-novembre-milano-450564148497?aff=ebdssbdestsearch,Via Luigi Nono 9 • Milano
233,Headless • The Home of Alternative Rock • Lido Berlin,Sat Nov 19 11:59 PM,https://www.eventbrite.de/e/headless-the-home-of-alternative-rock-lido-berlin-tickets-429087330757?aff=ebdssbdestsearch,Lido • Berlin
234,X Convegno Nazionale SIAA - Verona 14-17 dicembre,,https://www.eventbrite.it/e/biglietti-x-convegno-nazionale-siaa-verona-14-17-dicembre-341185855077?aff=ebdssbdestsearch,Verona • Verona
235,LIVE MUSIC SHOW-55 MILANO GIOVEDI'/CC | Aperitivo/serata +393382724181,Thu Nov 17 7:30 PM,https://www.eventbrite.it/e/biglietti-live-music-show-55-milano-giovedicc-aperitivoserata-393382724181-120535658399?aff=ebdssbdestsearch,55 Milano • Milano
236,"יועמ""שים מדברים קריירה - ומקבלים טיפים חשובים עם משרד פישר",Wed Nov 23 9:00 AM,https://www.eventbrite.com/e/447143366847?aff=ebdssbdestsearch,עזריאלי טאון • תל אביב מחוז תל אביב
237,Round Tables - Influence the FemTech Ecosystem,Thu Nov 17 8:00 AM,https://www.eventbrite.com/e/round-tables-influence-the-femtech-ecosystem-tickets-460104052607?aff=ebdssbdestsearch,Google for Startups Campus • Tel Aviv-Yafo Tel Aviv District
238,Generation 16+,Fri Nov 18 7:00 PM,https://www.eventbrite.com/e/generation-16-tickets-445532598997?aff=ebdssbdestsearch,Backstage Kulturzentrum • München
239,Swing Social Club,Tomorrow at 9:30 PM,https://www.eventbrite.it/e/biglietti-swing-social-club-453801020067?aff=ebdssbdestsearch,Circolo Arci Mondini • Milano
240,AVUS TRIBÜNE OPENING  12.11.22,Tomorrow at 11:00 PM,https://www.eventbrite.de/e/avus-tribune-opening-121122-tickets-449658850727?aff=ebdssbdestsearch,Avus-Tribüne • Berlin
241,Venice Italians and the Ottoman Levant - 1st LHF meeting in Venice Italy,Thu Nov 24 9:00 AM,https://www.eventbrite.co.uk/e/venice-italians-and-the-ottoman-levant-1st-lhf-meeting-in-venice-italy-tickets-404665073127?aff=ebdssbdestsearch,Aula Mario Baratto • Venezia
242,Veszprém – Balaton 2023 Európa Kulturális Fővárosa és Likó Marcell koncert,Thu Nov 24 6:00 PM,https://www.eventbrite.com/e/veszprem-balaton-2023-europa-kulturalis-fovarosa-es-liko-marcell-koncert-tickets-439108805257?aff=ebdssbdestsearch,Európa Pont • Budapest
243,Guestlist Vienna Thursday Babenberger Passage,Thu Nov 17 11:00 PM + 97 more events,https://www.eventbrite.com/e/guestlist-vienna-thursday-babenberger-passage-tickets-459910102497?aff=ebdssbdestsearch,Babenberger Passage • Wien
244,Boat in the Jam,Fri Nov 25 6:00 PM,https://www.eventbrite.co.uk/e/boat-in-the-jam-tickets-445988071327?aff=ebdssbdestsearch,Red Tower • Łódź
245,Guerilla Slam - Berlins realster Slam in Kreuzberg,Sun Nov 13 7:30 PM,https://www.eventbrite.com/e/guerilla-slam-berlins-realster-slam-in-kreuzberg-tickets-442791871407?aff=ebdssbdestsearch,Monarch Bar • Berlin
246,Velvet Innovation Meetup - listopad,Thu Nov 24 5:00 PM,https://www.eventbrite.com/e/velvet-innovation-meetup-listopad-tickets-444026032817?aff=ebdssbdestsearch,Vysoké učení technické v Brně • Brno-střed
247,Gli investimenti sostenibili degli investitori previdenziali italiani,Thu Nov 17 3:00 PM,https://www.eventbrite.it/e/biglietti-gli-investimenti-sostenibili-degli-investitori-previdenziali-italiani-429107089857?aff=ebdssbdestsearch,Online e a Roma (Palazzo Falletti Salone del Trono) • Roma
248,Science Magic | in English & for Kids,Sun Nov 13 3:30 PM,https://www.eventbrite.de/e/science-magic-in-english-for-kids-tickets-444606488977?aff=ebdssbdestsearch,The Wall Comedy • Berlin
249,K-Ö New Music in Vienna,Sun Dec 11 7:30 PM,https://www.eventbrite.com/e/k-o-new-music-in-vienna-tickets-429576233077?aff=ebdssbdestsearch,빈 음악협회 • Wien
250,Licei Opera Sant'Alessandro / Open Day 2022 - 2023,Sat Dec 17 2:30 PM + 2 more events,https://www.eventbrite.it/e/registrazione-licei-opera-santalessandro-open-day-2022-2023-421338553957?aff=ebdssbdestsearch,Licei Opera Sant'Alessandro • Bergamo
251,PRATICA PRIMO SOCCORSO: TECNICHE DI RIANIMAZIONE E MANOVRA DI HEIMLICH,Sat Nov 26 9:00 AM,https://www.eventbrite.it/e/biglietti-pratica-primo-soccorso-tecniche-di-rianimazione-e-manovra-di-heimlich-453719586497?aff=ebdssbdestsearch,Via Giuseppe Garibaldi 10 • San Giorgio di Piano
252,Kannada Rajyotsava Celebration 2022,Tomorrow at 1:00 PM,https://www.eventbrite.com/e/kannada-rajyotsava-celebration-2022-tickets-445322691157?aff=ebdssbdestsearch,Hörsaal 6 - Otto-von-Guericke-Universität • Magdeburg
253,Matching Night Hamburg,Sat Dec 3 8:00 PM,https://www.eventbrite.de/e/matching-night-hamburg-tickets-427837773297?aff=ebdssbdestsearch,CASCADAS • Hamburg
254,10 anni di Startup Act,Wed Nov 23 12:30 PM,https://www.eventbrite.it/e/registrazione-10-anni-di-startup-act-441561732027?aff=ebdssbdestsearch,Auditorium Antonianum • Roma
255,Investment & Wine - Networking Event in Leipzig,Mon Nov 21 7:00 PM,https://www.eventbrite.com/e/investment-wine-networking-event-in-leipzig-tickets-438885918597?aff=ebdssbdestsearch,INNSIDE Leipzig • Leipzig
256,VinTage Weinmesse 2022,Sun Nov 13 12:00 PM,https://www.eventbrite.de/e/vintage-weinmesse-2022-tickets-417915585767?aff=ebdssbdestsearch,AXICA Kongress- und Tagungszentrum • Berlin
257,Hit 'em up # vol. 2,Tomorrow at 9:00 PM,https://www.eventbrite.at/e/hit-em-up-vol-2-tickets-449446425357?aff=ebdssbdestsearch,V-Club Villach- Asia Club • Villach
258,Il volontariato del 2022 si racconta: identità diverse in una storia comune,Tomorrow at 9:00 AM,https://www.eventbrite.com/e/biglietti-il-volontariato-del-2022-si-racconta-identita-diverse-in-una-storia-comune-453885432547?aff=ebdssbdestsearch,Ex-Monastero di Sant'Agostino - Aula Magna - Università degli Studi di Bergamo • Bergamo
259,Pub Crawl Palermo ''Follow me'',Today at 9:45 PM + 103 more events,https://www.eventbrite.es/e/pub-crawl-palermo-follow-me-tickets-211834902897?aff=ebdssbdestsearch,Finch • Palermo
260,RIETI - Viaggio tra Stelle e Pianeti al Planetario Umbria Skywatching,Tomorrow at 3:00 PM,https://www.eventbrite.it/e/biglietti-rieti-viaggio-tra-stelle-e-pianeti-al-planetario-umbria-skywatching-449825950527?aff=ebdssbdestsearch,Associazione Sportiva Dilettantistica Dance Project • Rieti
261,Talento. Mecenatismo. Bellezza.,Wed Nov 16 8:15 PM,https://www.eventbrite.it/e/biglietti-talento-mecenatismo-bellezza-441016581467?aff=ebdssbdestsearch,Teatro Camploy • Verona
262,Classic SM Playparty “Passion Spezial”,Fri Nov 25 9:00 PM,https://www.eventbrite.de/e/classic-sm-playparty-passion-spezial-tickets-343056500227?aff=ebdssbdestsearch,Catonium • Hamburg
263,Silvester 2022/2023 im ALICE Rooftop & Garden,Sat Dec 31 8:00 PM,https://www.eventbrite.de/e/silvester-20222023-im-alice-rooftop-garden-tickets-191054969557?aff=ebdssbdestsearch,ALICE Rooftop & Garden • Berlin
264,INCONTRO CON MATTEO GRACIS,Thu Nov 24 6:00 PM,https://www.eventbrite.it/e/biglietti-incontro-con-matteo-gracis-440402775557?aff=ebdssbdestsearch,Ca' Sagredo Hotel • Venezia
265,Data Science in Biotech,Thu Nov 24 1:30 PM,https://www.eventbrite.com/e/data-science-in-biotech-tickets-462496327967?aff=ebdssbdestsearch,Wolfson auditorium  Wolfson Building • Rehovot
266,Investment Outlook: Challenges and Opportunities,Wed Nov 16 6:30 PM,https://www.eventbrite.com/e/investment-outlook-challenges-and-opportunities-registration-460654880147?aff=ebdssbdestsearch,Porto Palace Hotel Thessaloniki • Θεσσαλονίκη
267,Wilde Herzen • Die Indie Pop Party mit deutschen Texten • Lido Berlin,Sat Nov 26 11:59 PM,https://www.eventbrite.de/e/wilde-herzen-die-indie-pop-party-mit-deutschen-texten-lido-berlin-tickets-429097300577?aff=ebdssbdestsearch,Lido • Berlin
268,Gali-Day 12 novembre 2022,Tomorrow at 9:00 AM,https://www.eventbrite.it/e/gali-day-12-novembre-2022-tickets-459935348007?aff=ebdssbdestsearch,Cinema Arlecchino • Voghera
269,TUNNEL pres. DR. PEACOCK in der HALLE FREIHEIT 36,Thu Dec 22 10:00 PM,https://www.eventbrite.de/e/tunnel-pres-dr-peacock-in-der-halle-freiheit-36-tickets-462617901597?aff=ebdssbdestsearch,Tunnel Club Hamburg • Hamburg
270,Impact Hub Berlin Tour,Tue Nov 15 5:30 PM + 1 more event,https://www.eventbrite.de/e/impact-hub-berlin-tour-tickets-294480909327?aff=ebdssbdestsearch,Impact Hub Berlin • Berlin
271,The Dark Side of Wissensvermittlung,Wed Nov 16 7:00 PM,https://www.eventbrite.com/e/the-dark-side-of-wissensvermittlung-tickets-405529759427?aff=ebdssbdestsearch,CCB Innsbruck • Innsbruck
272,Mallorcaparty - Die Zipfelbuben mit ihrem Hit Olivia - Live im G Club Vol,Tomorrow at 9:00 PM,https://www.eventbrite.com/e/mallorcaparty-die-zipfelbuben-mit-ihrem-hit-olivia-live-im-g-club-vol-tickets-427836920747?aff=ebdssbdestsearch,G Club Volkach • Volkach
273,Not A Drug Dealer - English Stand-Up Comedy Night with Malinda Perera,Fri Nov 18 8:30 PM,https://www.eventbrite.at/e/not-a-drug-dealer-english-stand-up-comedy-night-with-malinda-perera-tickets-328814632417?aff=ebdssbdestsearch,Crazy Nate's Johannis • Nürnberg
274,OPEN DAY / GRAFICA / 12.11.2022,Tomorrow at 2:30 PM + 1 more event,https://www.eventbrite.it/e/biglietti-open-day-grafica-12112022-425707331087?aff=ebdssbdestsearch,Istituto Salesiano San Marco • Venezia
275,Workshop: Inclusive Leadership,Thu Nov 17 7:00 PM,https://www.eventbrite.co.uk/e/workshop-inclusive-leadership-tickets-454867590207?aff=ebdssbdestsearch,Center for Digital Technology and Management • München
276,Stefano Massini racconta,Tue Nov 22 8:45 PM,https://www.eventbrite.it/e/biglietti-stefano-massini-racconta-445344085147?aff=ebdssbdestsearch,Largo Dieci Martiri 1 • Montebelluna
277,GREEN ITALY WORKSHOP November 2022,Wed Nov 16 9:00 AM,https://www.eventbrite.com/e/biglietti-green-italy-workshop-november-2022-404029582357?aff=ebdssbdestsearch,Cagliari • Cagliari
278,1-Day for CRISPR in Milan,Fri Nov 18 12:30 PM,https://www.eventbrite.it/e/1-day-for-crispr-in-milan-tickets-446100357177?aff=ebdssbdestsearch,Università Milano Bicocca • Milano
279,KLASSIK COOL! Der standhafte Zinnsoldat,Sat Nov 19 5:00 PM,https://www.eventbrite.at/e/klassik-cool-der-standhafte-zinnsoldat-tickets-386010195887?aff=ebdssbdestsearch,Meidlinger Pfarrkirche • Wien
280,TESS PARKS // behind the green door,Thu Nov 24 8:00 PM,https://www.eventbrite.de/e/tess-parks-behind-the-green-door-tickets-338846658477?aff=ebdssbdestsearch,Import Export • München
281,PMI italiane e transizione ecologica: profili ESG e finanza sostenibile,Wed Nov 30 10:00 AM,https://www.eventbrite.it/e/biglietti-pmi-italiane-e-transizione-ecologica-profili-esg-e-finanza-sostenibile-429650545347?aff=ebdssbdestsearch,Online e a Milano (Centro Culturale di Milano) • Milano
282,Metaverse Meetup #5 in Berlin,Wed Nov 23 6:30 PM,https://www.eventbrite.de/e/metaverse-meetup-5-in-berlin-tickets-440265103777?aff=ebdssbdestsearch,PIABO • Berlin
283,Esserci o non esserci? Dialogo-spettacolo con Andrea Pennacchi,Thu Nov 17 3:30 PM,https://www.eventbrite.it/e/biglietti-esserci-o-non-esserci-dialogo-spettacolo-con-andrea-pennacchi-459928517577?aff=ebdssbdestsearch,Aula Magna di Palazzo Bo • Padova
284,Giuseppe Lupo,Sat Nov 19 8:45 PM,https://www.eventbrite.it/e/biglietti-giuseppe-lupo-443294103597?aff=ebdssbdestsearch,Gussago • Gussago
285,Peeces Vintage Pop-Up  •  Stuttgart • Vintage Kilo Sale,Sat Nov 19 11:00 AM,https://www.eventbrite.de/e/peeces-vintage-pop-up-stuttgart-vintage-kilo-sale-tickets-444493320487?aff=ebdssbdestsearch,Snap Studios Studio 1 • Stuttgart
286,Prelude Family Concert,Sat Nov 26 4:30 PM,https://www.eventbrite.com/e/prelude-family-concert-tickets-453366349957?aff=ebdssbdestsearch,Lobe Block • Berlin
287,Fisch sucht Fahrrad | Single Party in Berlin | 25. November 2022,Fri Nov 25 9:00 PM,https://www.eventbrite.de/e/fisch-sucht-fahrrad-single-party-in-berlin-25-november-2022-tickets-386911451567?aff=ebdssbdestsearch,FRANNZ • Berlin
288,Jahrestreffen +  Wissensplattform für Wegbereiter*innen + Magazin = Party,Thu Nov 24 3:00 PM,https://www.eventbrite.de/e/jahrestreffen-wissensplattform-fur-wegbereiterinnen-magazin-party-tickets-406813860207?aff=ebdssbdestsearch,Freiraum in der Box • Berlin
289,FuoriStandUp - Potaboyz,Wed Nov 30 8:00 PM,https://www.eventbrite.it/e/biglietti-fuoristandup-potaboyz-456911985047?aff=ebdssbdestsearch,Circolo Arci Fuori Orario • Taneto
290,12.November 2022 ★ Ü30 Party★ Eventcenter Nörten Hardenberg ★,Tomorrow at 10:00 PM,https://www.eventbrite.de/e/12november-2022-u30-party-eventcenter-norten-hardenberg-tickets-443013383957?aff=ebdssbdestsearch,Event Center Nörten-Hardenberg • Nörten-Hardenberg
291,Alquanto comici,Tomorrow at 9:00 PM,https://www.eventbrite.it/e/biglietti-alquanto-comici-439702240237?aff=ebdssbdestsearch,Centro Culturale Il Pertini (Auditorium) • Cinisello Balsamo
292,Munich Global Impact Hub Co-Creation-Conference #3,Fri Nov 25 8:30 AM,https://www.eventbrite.de/e/munich-global-impact-hub-co-creation-conference-3-tickets-441529064317?aff=ebdssbdestsearch,Munich Business School • München
293,Eiropas mākslas kino diena | AKLUMS,Sun Nov 13 4:30 PM,https://www.eventbrite.fi/e/eiropas-makslas-kino-diena-aklums-tickets-460650055717?aff=ebdssbdestsearch,K. Suns • Rīga
294,MYStartup Competition - Tappa 3 VERONA,Fri Nov 18 6:00 PM,https://www.eventbrite.it/e/biglietti-mystartup-competition-tappa-3-verona-429784997497?aff=ebdssbdestsearch,311 Verona • Verona
295,Canticoro 2022 - Bassano del Grappa (VI),Sun Nov 13 5:30 PM,https://www.eventbrite.it/e/biglietti-canticoro-2022-bassano-del-grappa-vi-432726034217?aff=ebdssbdestsearch,Duomo di Santa Maria Assunta in Colle • Bassano del Grappa
296,NEON VELVET | Das XXL Neon-Festival | Club Velvet Leipzig | 11.11.22,Today at 11:00 PM,https://www.eventbrite.de/e/neon-velvet-das-xxl-neon-festival-club-velvet-leipzig-111122-tickets-450932099047?aff=ebdssbdestsearch,Club Velvet • Leipzig
297,Concerto di Santa Cecilia. Orchestra Gruppo d'Archi Veneto,Sun Nov 13 6:00 PM,https://www.eventbrite.it/e/biglietti-concerto-di-santa-cecilia-orchestra-gruppo-darchi-veneto-444042301477?aff=ebdssbdestsearch,Cinema Teatro Careni • Pieve di Soligo
298,AL CENTRO DI ROMA: Nero a metà di Pino Daniele con E. Assante,Tue Dec 27 6:00 PM,https://www.eventbrite.com/e/biglietti-al-centro-di-roma-nero-a-meta-di-pino-daniele-con-e-assante-444864410427?aff=ebdssbdestsearch,Palazzo Venezia • Roma
299,Aziende a confronto con  il mentore di Bill Gates,Tue Nov 15 6:30 PM,https://www.eventbrite.com/e/biglietti-aziende-a-confronto-con-il-mentore-di-bill-gates-440961576947?aff=ebdssbdestsearch,H-FARM CAMPUS • Roncade
300,Weihnachtsmärchen: Schneefritzchen und die sieben Ziegen (16:30 Uhr),Sun Nov 27 4:30 PM,https://www.eventbrite.de/e/weihnachtsmarchen-schneefritzchen-und-die-sieben-ziegen-1630-uhr-tickets-425646438957?aff=ebdssbdestsearch,Walddörfer Sportforum • Hamburg
301,Speck&Tech Retreat v3,Fri Dec 2 5:00 PM,https://www.eventbrite.it/e/specktech-retreat-v3-registration-416367816347?aff=ebdssbdestsearch,Hotel AlpHoliday Dolomiti • Dimaro
302,Data saturday Parma 2022,Sat Nov 26 8:30 AM,https://www.eventbrite.co.uk/e/data-saturday-parma-2022-tickets-276828851547?aff=ebdssbdestsearch,Parma • Parma
303,Disabilità visiva e inclusione scolastica e sociale,Sat Dec 3 9:00 AM,https://www.eventbrite.it/e/biglietti-disabilita-visiva-e-inclusione-scolastica-e-sociale-443919253437?aff=ebdssbdestsearch,Università Cattolica del Sacro Cuore • Milano
304,Omaggio a Ennio Morricone - presso Sala dei Giganti,Sun Nov 20 4:30 PM,https://www.eventbrite.com/e/biglietti-omaggio-a-ennio-morricone-presso-sala-dei-giganti-443190724387?aff=ebdssbdestsearch,Sala dei Giganti - Palazzo Liviano • Padova
305,Meet the new US Consul General Jason Chue,Tue Dec 6 6:30 PM,https://www.eventbrite.de/e/meet-the-new-us-consul-general-jason-chue-tickets-435572638487?aff=ebdssbdestsearch,Park Hyatt Hamburg • Hamburg
306,FAMIGLIE: Racconti di Natale al Castello,Sat Dec 3 2:00 PM,https://www.eventbrite.it/e/biglietti-famiglie-racconti-di-natale-al-castello-414185288347?aff=ebdssbdestsearch,CASTELLO DI MALPAGA • CAVERNAGO
307,MONE     |  FREDDIE DICKSON   |    KAT KOAN,Wed Nov 16 7:00 PM,https://www.eventbrite.ie/e/mone-freddie-dickson-kat-koan-tickets-407961984277?aff=ebdssbdestsearch,Marie-Antoinette • Berlin
308,SUPER 159,Tomorrow at 11:00 PM,https://www.eventbrite.it/e/biglietti-super-159-463547772867?aff=ebdssbdestsearch,Lanificio • Roma
309,LEGGERE IL SUD - NELLA STANZA DEGLI SPIRITI - con Mario Desiati,Sat Nov 26 11:00 AM,https://www.eventbrite.it/e/biglietti-leggere-il-sud-nella-stanza-degli-spiriti-con-mario-desiati-445260284497?aff=ebdssbdestsearch,Teatro Comunale Niccolò Piccinni • Bari
310,Sorin Pârcălab Cristi Popesco & Sergiu Mirică @Munchen,Fri Dec 9 9:00 PM,https://www.eventbrite.co.uk/e/sorin-parcalab-cristi-popesco-sergiu-mirica-munchen-tickets-444264445917?aff=ebdssbdestsearch,Filmtheater Sendlinger Tor • München
311,Kätz Club - BERLIN CALL - House & Techno,Tue Nov 15 9:00 PM,https://www.eventbrite.de/e/katz-club-berlin-call-house-techno-tickets-418812739177?aff=ebdssbdestsearch,KÄTZ • Leipzig
312,20. Internationale Konferenz für Politische Kommunikation,Sun Nov 13 1:00 PM,https://www.eventbrite.de/e/20-internationale-konferenz-fur-politische-kommunikation-registrierung-427789127797?aff=ebdssbdestsearch,Akademie der Konrad-Adenauer-Stiftung e.V. • Berlin
313,Geometra Oggi,Tomorrow at 5:00 PM,https://www.eventbrite.it/e/biglietti-geometra-oggi-444163092767?aff=ebdssbdestsearch,Fiera di Padova • Padova
314,Filosofia a colazione: quando Platone ti salva la vita - Benedetta Santini,Sun Nov 20 5:30 PM,https://www.eventbrite.com/e/biglietti-filosofia-a-colazione-quando-platone-ti-salva-la-vita-benedetta-santini-408822949447?aff=ebdssbdestsearch,Biblioteca civica VEZ • Venezia
315,Per una didattica a prova di futuro,Tomorrow at 11:30 AM,https://www.eventbrite.it/e/biglietti-per-una-didattica-a-prova-di-futuro-440802310577?aff=ebdssbdestsearch,ADI Design Museum • Milano
316,Sogno notturno a Roma (1871-2021),Tue Dec 6 5:30 PM,https://www.eventbrite.co.uk/e/sogno-notturno-a-roma-1871-2021-tickets-449451049187?aff=ebdssbdestsearch,Fondazione Ernesta Besso • Roma
317,27. ROHKUNSTBAU - Zukunft. Ins Offene.,Tomorrow at 12:00 PM + 9 more events,https://www.eventbrite.de/e/27-rohkunstbau-zukunft-ins-offene-tickets-419535149927?aff=ebdssbdestsearch,Schloss Altdöbern • Altdöbern
318,English Stand up Comedy Night with Tamas Vamos,Wed Nov 23 7:30 PM,https://www.eventbrite.com/e/english-stand-up-comedy-night-with-tamas-vamos-tickets-433462466907?aff=ebdssbdestsearch,Mi Barrio • Wien
319,25 Jahre Dark Saturday – 25 Jahre Factory,Sat Nov 26 11:00 PM,https://www.eventbrite.com/e/25-jahre-dark-saturday-25-jahre-factory-tickets-433504572847?aff=ebdssbdestsearch,Factory Magdeburg • Magdeburg
320,ROYAL DANCE feat. GIULIA SIEGEL,Sat Nov 26 7:00 PM,https://www.eventbrite.de/e/royal-dance-feat-giulia-siegel-tickets-328030446897?aff=ebdssbdestsearch,Schloss Milkersdorf • Milkersdorf
321,Blockchain Forum Italia 2022,Fri Nov 18 9:00 AM,https://www.eventbrite.it/e/biglietti-blockchain-forum-italia-2022-441518843747?aff=ebdssbdestsearch,Via Tortona 27 • Milano
322,trade/off – The Decision Intelligence Summit 2022,Tue Nov 22 9:00 AM,https://www.eventbrite.de/e/tradeoff-the-decision-intelligence-summit-2022-tickets-381533977397?aff=ebdssbdestsearch,Festsaal Kreuzberg • Berlin
323,Silvester im Waschhaus,Sat Dec 31 8:00 PM,https://www.eventbrite.de/e/silvester-im-waschhaus-tickets-413116150527?aff=ebdssbdestsearch,Waschhaus Potsdam • Potsdam
324,Didattica orientativa con stesura UdA- Monica Dal Moro- doc primaria 2° LIV,Wed Nov 16 4:30 PM,https://www.eventbrite.it/e/biglietti-didattica-orientativa-con-stesura-uda-monica-dal-moro-doc-primaria-2-liv-427762728837?aff=ebdssbdestsearch,Scuola Media Fainelli-Gandhi • Verona
325,The Israeli Insurtech Accelerator 4th Cohort Graduation Event,Thu Dec 1 5:00 PM,https://www.eventbrite.com/e/the-israeli-insurtech-accelerator-4th-cohort-graduation-event-tickets-414490220407?aff=ebdssbdestsearch,הבורסה לניירות ערך • תל אביב מחוז תל אביב
326,PRANZI DOMENICALI UMBRI @ LA FUNIVIA - GUBBIO 20 NOVEMBRE,Sun Nov 20 12:30 PM,https://www.eventbrite.com/e/biglietti-pranzi-domenicali-umbri-la-funivia-gubbio-20-novembre-460665411647?aff=ebdssbdestsearch,Ristorante Funivia - Bar la Terrazza • Sant'Ubaldo
327,2000er Neon Party  SA- Party der Q12,Tomorrow at 8:00 PM,https://www.eventbrite.de/e/2000er-neon-party-sa-party-der-q12-tickets-441106921677?aff=ebdssbdestsearch,Papillon Club Lounge • Marktoberdorf
328,Don Gesualdo(Teatro Margherita - Caltanissetta 13),Sun Nov 13 6:30 PM,https://www.eventbrite.com/e/biglietti-don-gesualdoteatro-margherita-caltanissetta-13-421376096247?aff=ebdssbdestsearch,Teatro 'Regina Margherita' • Caltanissetta
329,Wine & Food Walking Tour GLOCKENBACH! | Munich Wine Rebels,Tomorrow at 6:30 PM,https://www.eventbrite.de/e/wine-food-walking-tour-glockenbach-munich-wine-rebels-tickets-389979137097?aff=ebdssbdestsearch,WEINTOUR • München
330,Wenn Deine Mutter wüsste ★ SINGLE & FLIRT PARTY ★ SA 12.11.22,Tomorrow at 10:00 PM,https://www.eventbrite.de/e/wenn-deine-mutter-wusste-single-flirt-party-sa-121122-tickets-461342867937?aff=ebdssbdestsearch,Neschwitzer Str. 31 • Kamenz
331,PIANO E-MOTION - MAURIZIO MASTRINI (PIANOFORTE E LIVE ELECTRONICS),Sat Nov 19 7:00 PM,https://www.eventbrite.it/e/biglietti-piano-e-motion-maurizio-mastrini-pianoforte-e-live-electronics-445919807147?aff=ebdssbdestsearch,Fabbrica del Vapore • Milano
332,HALMSTAD PREMIJERA | Republika Srpska: Borba za slobodu | Boris Malagurski,Sat Nov 26 2:00 PM,https://www.eventbrite.com/e/halmstad-premijera-republika-srpska-borba-za-slobodu-boris-malagurski-tickets-432532906567?aff=ebdssbdestsearch,TBD • Halmstad
333,Cyber ZERO - Kosovo -  International cyber security conference,Thu Jan 26 9:00 PM,https://www.eventbrite.com/e/cyber-zero-kosovo-international-cyber-security-conference-tickets-421825289797?aff=ebdssbdestsearch,Hotel Emerald • Prishtina
334,STANDUP COMEDY SPECIAL - British Indian Buddies,Sun Nov 13 7:00 PM,https://www.eventbrite.com/e/standup-comedy-special-british-indian-buddies-tickets-435628846607?aff=ebdssbdestsearch,No Stress Bar • Copenhagen
335,BLUBBERWASSER: Mit Wasserkefir Obst fermentieren,Fri Nov 18 2:00 PM,https://www.eventbrite.de/e/blubberwasser-mit-wasserkefir-obst-fermentieren-tickets-441484811957?aff=ebdssbdestsearch,NochMall • Berlin
336,JUNG & SEXY,Tomorrow at 7:00 PM,https://www.eventbrite.de/e/jung-sexy-tickets-327929244197?aff=ebdssbdestsearch,Schloss Milkersdorf • Milkersdorf
337,Clothes Swap + Christmas Party,Sat Nov 26 1:00 PM,https://www.eventbrite.de/e/clothes-swap-christmas-party-tickets-442297482677?aff=ebdssbdestsearch,FrauFUTURE • Berlin
338,LIVE UX-Testing at the Startup Incubator Berlin | Christmas & Networking,Thu Dec 15 5:00 PM,https://www.eventbrite.de/e/live-ux-testing-at-the-startup-incubator-berlin-christmas-networking-tickets-438750042187?aff=ebdssbdestsearch,Startup Incubator Berlin • Berlin
339,Ecologia Interiore a San Giovanni in Persiceto | Conferenza Daniel Lumera,Tue Nov 29 9:00 PM,https://www.eventbrite.it/e/biglietti-ecologia-interiore-a-san-giovanni-in-persiceto-conferenza-daniel-lumera-459946300767?aff=ebdssbdestsearch,TEATRO COMUNALE SAN GIOVANNI IN PERSICETO • San Giovanni in Persiceto
340,MONSTER MAINSHOW! Stand up Comedy im Mad Monkey Room (20 Uhr),Tue Nov 15 8:00 PM + 6 more events,https://www.eventbrite.de/e/monster-mainshow-stand-up-comedy-im-mad-monkey-room-20-uhr-tickets-162403506259?aff=ebdssbdestsearch,Mad Monkey Room • Berlin
341,Didattica orientativa - Laura Parenti- doc. secondaria -  2°livello,Wed Nov 16 4:30 PM,https://www.eventbrite.it/e/biglietti-didattica-orientativa-laura-parenti-doc-secondaria-2livello-427754574447?aff=ebdssbdestsearch,Scuola Media Fainelli-Gandhi • Verona
342,Additional set | J.A.W with Samora Pinderhughes Trio,Mon Nov 21 5:30 PM,https://www.eventbrite.de/e/additional-set-jaw-with-samora-pinderhughes-trio-tickets-453931781177?aff=ebdssbdestsearch,Rhinoçéros • Berlin
343,Das Damenkränzchen - Dein Event für Frauen am Bodensee,Thu Nov 17 6:00 PM,https://www.eventbrite.de/e/das-damenkranzchen-dein-event-fur-frauen-am-bodensee-tickets-438580836087?aff=ebdssbdestsearch,Lukullum • Friedrichshafen
344,Fintech Forum Budapest | Powered by Vacuumlabs,Tue Nov 15 6:00 PM,https://www.eventbrite.com/e/fintech-forum-budapest-powered-by-vacuumlabs-tickets-445131258577?aff=ebdssbdestsearch,The Spot Budapest Király utca 26 • Budapest
345,★ Say Yes to Techno ★ Berlin Techno ★ Rave ★,Fri Nov 25 10:00 PM,https://www.eventbrite.de/e/say-yes-to-techno-berlin-techno-rave-tickets-445471746987?aff=ebdssbdestsearch,ASeven Club & Eventlocation • Berlin
346,Generazione Zeta costruiamo il futuro!,,https://www.eventbrite.it/e/biglietti-generazione-zeta-costruiamo-il-futuro-451662924967?aff=ebdssbdestsearch,Teatro Cavallerizza • Reggio Emilia
347,NGAGE Milano DAL VIVO - business community,Thu Nov 24 7:00 PM + 1 more event,https://www.eventbrite.it/e/biglietti-ngage-milano-dal-vivo-business-community-154355422223?aff=ebdssbdestsearch,BISTROT 39 • Milano
348,MANOVRE DISOSTRUZIONE VIA AEREE SU ADULTO BAMBINO E LATTANTE,Fri Nov 25 4:30 PM + 1 more event,https://www.eventbrite.com/e/biglietti-manovre-disostruzione-via-aeree-su-adulto-bambino-e-lattante-431013431777?aff=ebdssbdestsearch,Auditorium regina pacis • Molfetta
349,TIRAMISU' DAY - Aperitivo e Degustazione golosa,Thu Nov 17 7:00 PM,https://www.eventbrite.it/e/biglietti-tiramisu-day-aperitivo-e-degustazione-golosa-464158670077?aff=ebdssbdestsearch,Nhero Milano • Milano
350,Saltcity Awakes (w/ Oliver Jass),Fri Nov 25 10:00 PM,https://www.eventbrite.com/e/saltcity-awakes-w-oliver-jass-tickets-439481800897?aff=ebdssbdestsearch,Die Ritterakademie • Lüneburg
351,Casa De Mikel 4: Γύρισμα,Thu Nov 17 5:30 PM + 4 more events,https://www.eventbrite.com/e/casa-de-mikel-4-tickets-123135055265?aff=ebdssbdestsearch,39RH+27 • Nicosia
352,La mia tana,Sat Nov 19 2:45 PM + 4 more events,https://www.eventbrite.it/e/biglietti-la-mia-tana-269540211027?aff=ebdssbdestsearch,ADI Design Museum • Milano
353,Visita guidata alla Casa di Virgilio,Sat Feb 11 4:30 PM + 4 more events,https://www.eventbrite.it/e/biglietti-visita-guidata-alla-casa-di-virgilio-425595055267?aff=ebdssbdestsearch,Giardini di piazza Vittorio Emanuele II • Brindisi
354,Lichterfest auf der Straussenfarm,Sun Nov 27 2:00 PM,https://www.eventbrite.de/e/lichterfest-auf-der-straussenfarm-tickets-259551063217?aff=ebdssbdestsearch,Straußenfarm Hegau-Bodensee Straussenfarm • Stockach
355,RealTalk XIV - Ein Event das verändert,Wed Dec 14 7:00 PM,https://www.eventbrite.at/e/realtalk-xiv-ein-event-das-verandert-tickets-403461593487?aff=ebdssbdestsearch,Dom im Berg • Graz
356,Family Lab: Famiglie su Minecraft,Tomorrow at 3:00 PM,https://www.eventbrite.it/e/biglietti-family-lab-famiglie-su-minecraft-446005011997?aff=ebdssbdestsearch,Future Education Modena • Modena
357,UTSUWA 3.0 -SHIGUCHI- (18th.Nov.),Fri Nov 18 12:00 PM,https://www.eventbrite.de/e/utsuwa-30-shiguchi-18thnov-tickets-443050725647?aff=ebdssbdestsearch,ベルリン日独センター • Berlin
358,Jack and the Beanstalk — A Family-Friendly Panto for the Holidays,Sat Dec 17 2:00 PM + 2 more events,https://www.eventbrite.com/e/jack-and-the-beanstalk-a-family-friendly-panto-for-the-holidays-tickets-461062278687?aff=ebdssbdestsearch,Salesianum • München
359,Mettiamoci in Gioco!,Tomorrow at 3:00 PM,https://www.eventbrite.com/e/biglietti-mettiamoci-in-gioco-453134265787?aff=ebdssbdestsearch,Biblioteca Comunale • Dalmine
360,BSides Berlin,Sat Nov 26 10:00 AM,https://www.eventbrite.com/e/bsides-berlin-tickets-418590905667?aff=ebdssbdestsearch,c-base • Berlin
361,Moni Zhang: Child from Wuhan | Standup & Storytelling | English,Fri Nov 18 8:00 PM,https://www.eventbrite.de/e/moni-zhang-child-from-wuhan-standup-storytelling-english-tickets-435683138997?aff=ebdssbdestsearch,Z-Bar • Berlin
362,Spinning®4 Kids 2022,Sun Nov 27 10:00 AM,https://www.eventbrite.de/e/spinning4-kids-2022-tickets-426667803887?aff=ebdssbdestsearch,Enjoy Fitness GmbH & Co. KG • Oyten
363,The Next Generation –  Tim Bengel im Gespräch mit Dorsch/Preuss/Neuhauser,Tue Nov 15 6:00 PM,https://www.eventbrite.de/e/the-next-generation-tim-bengel-im-gesprach-mit-dorschpreussneuhauser-tickets-408698778047?aff=ebdssbdestsearch,CODE_n SPACES • Stuttgart
364,Road to START Summit - Creating Sustainable Impact.,Sat Dec 10 6:00 PM,https://www.eventbrite.de/e/road-to-start-summit-creating-sustainable-impact-tickets-452015529617?aff=ebdssbdestsearch,Plug & Play Munich • München
365,Kimchi Workshop - vegan,Thu Dec 1 7:00 PM,https://www.eventbrite.de/e/kimchi-workshop-vegan-tickets-442813094887?aff=ebdssbdestsearch,Plant Base • Berlin
366,ALPINE MUSIC WINTER BEATS,Sat Dec 17 9:00 PM,https://www.eventbrite.at/e/alpine-music-winter-beats-tickets-372658741327?aff=ebdssbdestsearch,St. Leonhard • St. Leonhard
367,Stand Up Comedy Italia @Zog (Milano) PRENOTA AL NR. 02.36526251,Tue Nov 15 9:30 PM,https://www.eventbrite.it/e/biglietti-stand-up-comedy-italia-zog-milano-prenota-al-nr-0236526251-452771621107?aff=ebdssbdestsearch,ZOG • Milano
368,Shahak Shapira - CROWDSOURCED - 100% improvisiert | MÜNCHEN | DEUTSCH,Sun Nov 27 7:45 PM,https://www.eventbrite.de/e/shahak-shapira-crowdsourced-100-improvisiert-munchen-deutsch-tickets-462564311307?aff=ebdssbdestsearch,Lost Weekend • München
369,SCUOLE APERTE LICEO MARINELLI PRIMO TURNO 17 DICEMBRE 2022,Sat Dec 17 2:30 PM,https://www.eventbrite.it/e/biglietti-scuole-aperte-liceo-marinelli-primo-turno-17-dicembre-2022-428412341847?aff=ebdssbdestsearch,Liceo Scientifico Statale Giovanni Marinelli • Udine
370,AI MeetUp,Tue Nov 15 7:00 PM,https://www.eventbrite.com/e/ai-meetup-tickets-463438255297?aff=ebdssbdestsearch,Vilnius Tech Park #3 • Vilnius
371,Die ganze Gans,Today at 6:30 PM,https://www.eventbrite.de/e/die-ganze-gans-tickets-451038908517?aff=ebdssbdestsearch,Barkin'Kitchen • Berlin
372,SCE Investors' Day,Thu Dec 8 2:00 PM,https://www.eventbrite.de/e/sce-investors-day-tickets-440266548097?aff=ebdssbdestsearch,Heßstraße 80 • München
373,Assoprovider Assemblea Nazionale,Tomorrow at 9:30 AM,https://www.eventbrite.it/e/biglietti-assoprovider-assemblea-nazionale-432683155967?aff=ebdssbdestsearch,Roma Eventi - Fontana di Trevi - Piazza della Pilotta 4 • Roma
374,LEONARD COHEN IL POETA CHE CANTAVA LE DONNE,Sat Dec 17 9:00 PM,https://www.eventbrite.it/e/biglietti-leonard-cohen-il-poeta-che-cantava-le-donne-425177095137?aff=ebdssbdestsearch,Sala Polivalente Centro Polifunzionale San Maurizio • Erba
375,Aperitivo con degustazione siciliana e dj set in loft open space,Today at 8:00 PM,https://www.eventbrite.it/e/biglietti-aperitivo-con-degustazione-siciliana-e-dj-set-in-loft-open-space-462507792257?aff=ebdssbdestsearch,55 Milano • Milano
376,The Mind Body & Spirit Wellbeing Festival 2022  Day Tickets,Sat Nov 19 11:00 AM,https://www.eventbrite.co.uk/e/the-mind-body-spirit-wellbeing-festival-2022-day-tickets-tickets-423284584587?aff=ebdssbdestsearch,St Raphael Resort • Pyrgos
377,Money Empower! Dialogo contro la Violenza Economica,Wed Nov 23 7:30 PM,https://www.eventbrite.it/e/biglietti-money-empower-dialogo-contro-la-violenza-economica-451896894777?aff=ebdssbdestsearch,Open Milano • Milano
378,VISITA GUIDATA AL BOSCO DEL CASTELLO,Sun Nov 13 10:00 AM,https://www.eventbrite.it/e/biglietti-visita-guidata-al-bosco-del-castello-429189436157?aff=ebdssbdestsearch,CASTELLO DI MALPAGA • CAVERNAGO
379,AI Mobility Contest Final Pitch Event,Thu Nov 24 3:00 PM,https://www.eventbrite.de/e/ai-mobility-contest-final-pitch-event-tickets-458206476907?aff=ebdssbdestsearch,Zentrum für erlebbare Künstliche Intelligenz und Digitalisierung • Berlin
380,Serata VR | Mono con Chiara Troisi,Wed Nov 16 6:30 PM,https://www.eventbrite.it/e/biglietti-serata-vr-mono-con-chiara-troisi-450533707447?aff=ebdssbdestsearch,MEET Digital Culture Center • Milano
