Title,Date,Link to event,Location
Empowerment Day RomÃ¢nia,Sun Nov 19 10:00:00 CET 2022,https://www.eventbrite.co.uk/e/empowerment-day-romania-tickets-399924383597?aff=ebdssbdestsearch,Palace Hall BucureÈ™ti
Diwali Festival Berlin 2022,No Date,https://www.eventbrite.com/e/diwali-festival-berlin-2022-tickets-428533925507?aff=ebdssbdestsearch,Sage Beach Berlin
Silvester in der Kulturbrauerei,Sun Dec 31 08:00:00 CET 2022,https://www.eventbrite.de/e/silvester-in-der-kulturbrauerei-tickets-422324151907?aff=ebdssbdestsearch,KulturBrauerei Berlin
Cairokee (Berlin),Thu Nov 23 07:00:00 CET 2022,https://www.eventbrite.co.uk/e/cairokee-berlin-tickets-415418717567?aff=ebdssbdestsearch,Huxley's Neue Welt Berlin
Focus and Protect: Autumn Tour 2022 - Milan,Sun Nov 19 10:00:00 CET 2022,https://www.eventbrite.co.uk/e/focus-and-protect-autumn-tour-2022-milan-tickets-403413680177?aff=ebdssbdestsearch,NH Milano Congress Center Milano
Die lange Nacht der Clubs Stuttgart,No Date,https://www.eventbrite.de/e/die-lange-nacht-der-clubs-stuttgart-tickets-93851292743?aff=ebdssbdestsearch,Stuttgart-Mitte Stuttgart
FABBRICA DEL VAPORE -  Openwine,Fri Nov 17 07:00:00 CET 2022,https://www.eventbrite.it/e/biglietti-fabbrica-del-vapore-openwine-192714593537?aff=ebdssbdestsearch,Vapore 1928 Milano
Istanbul Blockchain Week,No Date,https://www.eventbrite.co.uk/e/istanbul-blockchain-week-tickets-356220865197?aff=ebdssbdestsearch,Hilton Istanbul Bomonti Hotel & Conference Center Istanbul Istanbul
Exit666 Festival [Warehouse Indoor Rave],Sun Nov 26 07:00:00 CET 2022,https://www.eventbrite.com/e/exit666-festival-warehouse-indoor-rave-tickets-425677210997?aff=ebdssbdestsearch,UTOPIA - A HAPPENING PLACE (ehem. Reithalle) MÃ¼nchen
TechRadarCon22,No Date,https://www.eventbrite.ie/e/techradarcon22-tickets-400004051887?aff=ebdssbdestsearch,Zappa Tel Aviv-Yafo Tel Aviv District
"""HackInBo - Sicurezza all'ombra delle Torri"" WINTER Edition 2022 - 19Â° Ed.",Sun Dec 03 09:30:00 CET 2022,https://www.eventbrite.it/e/biglietti-hackinbo-sicurezza-allombra-delle-torri-winter-edition-2022-19-ed-422310190147?aff=ebdssbdestsearch,FICO Eataly World Bologna
Lumpenbande Vintage Kilo Sale â€¢  MÃ¼nchen â€¢  Sa. 12.11 &  So. 13.11.22,No Date,https://www.eventbrite.de/e/lumpenbande-vintage-kilo-sale-munchen-sa-1211-so-131122-tickets-432424492297?aff=ebdssbdestsearch,Weitblick Eventlocation MÃ¼nchen
Marwan Moussa in Berlin,No Date,https://www.eventbrite.co.uk/e/marwan-moussa-in-berlin-tickets-420541409677?aff=ebdssbdestsearch,Oyoun Berlin
CRAZY PIANOBAR Live Music Show e Dj set,Fri Nov 17 07:30:00 CET 2022,https://www.eventbrite.it/e/biglietti-crazy-pianobar-live-music-show-e-dj-set-428586041387?aff=ebdssbdestsearch,55 Milano Milano
SHAKE IT OFF!  Pop Dance Party â€¢ Sa 19.11.22 â€¢ Astra Kulturhaus Berlin,Sun Nov 19 11:00:00 CET 2022,https://www.eventbrite.de/e/shake-it-off-pop-dance-party-sa-191122-astra-kulturhaus-berlin-tickets-433205688877?aff=ebdssbdestsearch,Astra Kulturhaus Berlin
VinNatur Venezia 2022,Mon Nov 13 10:00:00 CET 2022,https://www.eventbrite.it/e/biglietti-vinnatur-venezia-2022-414739415757?aff=ebdssbdestsearch,San Francesco della Vigna Venezia
GATE MILANO - SABATO OMAGGIO DONNA | Infoline +393382724181,No Date,https://www.eventbrite.it/e/biglietti-gate-milano-sabato-omaggio-donna-infoline-393382724181-122712068099?aff=ebdssbdestsearch,Gate Milano Milano
JAZZ & Sushi IN THE HANGAR  55 Milano,Mon Nov 13 07:00:00 CET 2022,https://www.eventbrite.it/e/biglietti-jazz-sushi-in-the-hangar-55-milano-248726306077?aff=ebdssbdestsearch,55 Milano Milano
Milano Whisky Festival & Fine Spirits,Sun Dec 03 02:00:00 CET 2022,https://www.eventbrite.it/e/biglietti-milano-whisky-festival-fine-spirits-391065095227?aff=ebdssbdestsearch,Fondazione Stelline Milano
Middle Hip Hop Party - Guest NEIMA EZZA,No Date,https://www.eventbrite.it/e/middle-hip-hop-party-guest-neima-ezza-tickets-449392373687?aff=ebdssbdestsearch,Fonderie Musicali Rosolina
La Tana del Coniglio,No Date,https://www.eventbrite.com/e/biglietti-la-tana-del-coniglio-433569817997?aff=ebdssbdestsearch,Cinema Teatro Concordia San Benedetto del Tronto
GroÃŸer Pflanzenverkauf - Berlin,Sat Nov 18 10:00:00 CET 2022,https://www.eventbrite.de/e/groer-pflanzenverkauf-berlin-tickets-444621714517?aff=ebdssbdestsearch,KÃ¼hlhaus Berlin Berlin
PEOPLE & CULTURE FESTIVAL 2022,No Date,https://www.eventbrite.de/e/people-culture-festival-2022-tickets-429555491037?aff=ebdssbdestsearch,Kino Colosseum Berlin
OPENWINE - Fabbrica del Vapore,Fri Nov 17 07:00:00 CET 2022,https://www.eventbrite.it/e/biglietti-openwine-fabbrica-del-vapore-318714181697?aff=ebdssbdestsearch,Vapore 1928 Milano
Technologie ve spoleÄ?nosti | Technology in society,Mon Nov 13 09:00:00 CET 2022,https://www.eventbrite.co.uk/e/technologie-ve-spolecnosti-technology-in-society-tickets-445981270987?aff=ebdssbdestsearch,Fakulta informaÄ?nÃ­ch technologiÃ­ ÄŒVUT v Praze Praha 6
MÃ¤dels-Nacht-Flohmarkt Oberschwabenhalle Ravensburg,Sat Dec 02 04:00:00 CET 2022,https://www.eventbrite.de/e/madels-nacht-flohmarkt-oberschwabenhalle-ravensburg-tickets-414916244657?aff=ebdssbdestsearch,OberschwabenHalle Ravensburg Ravensburg
Il Venerdi del Nuovo Bobino Milano - Pop Friday,No Date,https://www.eventbrite.it/e/biglietti-il-venerdi-del-nuovo-bobino-milano-pop-friday-421715531507?aff=ebdssbdestsearch,Bobino Milano Milano
Silvester All In - 2022/2023 - Praterinsel,Sun Dec 31 08:00:00 CET 2022,https://www.eventbrite.de/e/silvester-all-in-20222023-praterinsel-tickets-382837857337?aff=ebdssbdestsearch,Praterinsel MÃ¼nchen
International Entrepreneurship Education Summit 2022,Sat Nov 25 09:00:00 CET 2022,https://www.eventbrite.de/e/international-entrepreneurship-education-summit-2022-tickets-223899548577?aff=ebdssbdestsearch,Hochschule der Medien Stuttgart
Adonis (Berlin),Sun Nov 19 07:00:00 CET 2022,https://www.eventbrite.co.uk/e/adonis-berlin-tickets-421292425987?aff=ebdssbdestsearch,Oyoun Berlin
Tirana FinTech Hive 2022,Thu Nov 16 09:30:00 CET 2022,https://www.eventbrite.co.uk/e/tirana-fintech-hive-2022-tickets-383077574337?aff=ebdssbdestsearch,"Canadian Institute of Technology (""Instituti Kanadez i TeknologjisÃ«"") Tirana"
PG Connects Jordan 2022,No Date,https://www.eventbrite.co.uk/e/pg-connects-jordan-2022-tickets-301305461747?aff=ebdssbdestsearch,King Hussein Bin Talal Convention Centre Managed by Hilton Sweimeh Balqa Governorate
jsTalks Bulgaria 2022 (2 day event),No Date,https://www.eventbrite.com/e/jstalks-bulgaria-2022-2-day-event-tickets-222836920227?aff=ebdssbdestsearch,John Atanasoff Forum Sofia Tech Park Sofia
Nightout - der Filmcasino Samstag,No Date,https://www.eventbrite.de/e/nightout-der-filmcasino-samstag-tickets-438592591247?aff=ebdssbdestsearch,Filmcasino MÃ¼nchen
ITForum Milano 2022,Wed Nov 29 08:30:00 CET 2022,https://www.eventbrite.it/e/registrazione-itforum-milano-2022-383388704937?aff=ebdssbdestsearch,Hotel Palazzo delle Stelline Milano
×¡×™×¤×•×¨×” ×©×œ ×“×?×˜×”×¨×™×™×œ×¡ - ×ž×¡×£ ×¤×™×¨×•×§ ×œ×”×›× ×¡×•×ª ×©×œ ×¢×©×¨×•×ª ×ž×™×œ×™×•× ×™×?,Wed Nov 22 05:00:00 CET 2022,https://www.eventbrite.com/e/432893184167?aff=ebdssbdestsearch,Azrieli Sarona Tower Tel Aviv-Yafo Tel Aviv District
Tream live @ Arena Hundsdorf,Sat Dec 02 09:00:00 CET 2022,https://www.eventbrite.com/e/tream-live-arena-hundsdorf-tickets-399434608667?aff=ebdssbdestsearch,Hundsdorf 20 Thyrnau
American Football Fan Experience Bar Crawl  & Day Party - Munich,No Date,https://www.eventbrite.com/e/american-football-fan-experience-bar-crawl-day-party-munich-tickets-413126280827?aff=ebdssbdestsearch,Bapas - Bayrische Tapas MÃ¼nchen
OPENWINE - LA FESTA DEL VINO | Tutti i ns.eventi!! +393382724181,No Date,https://www.eventbrite.it/e/biglietti-openwine-la-festa-del-vino-tutti-i-nseventi-393382724181-171626358057?aff=ebdssbdestsearch,Milano Milano
VCT 2022 Game Changers Day 3 â€“ Thursday,Fri Nov 17 04:00:00 CET 2022,https://www.eventbrite.de/e/vct-2022-game-changers-day-3-thursday-tickets-444582798117?aff=ebdssbdestsearch,LEC Studio Riot Games Berlin
16. JAPANDULT - DER JAPANISCHE WEIHNACHTSMARKT MÃœNCHENS,Mon Dec 04 01:00:00 CET 2022,https://www.eventbrite.de/e/16-japandult-der-japanische-weihnachtsmarkt-munchens-tickets-456254237707?aff=ebdssbdestsearch,UTOPIA â€“ A HAPPENING PLACE MÃ¼nchen
VICTORIA'S CLUB VENERDI'/CC | Aperitivo/serata +393382724181,Sat Nov 18 07:30:00 CET 2022,https://www.eventbrite.it/e/biglietti-victorias-club-venerdicc-aperitivoserata-393382724181-325101396027?aff=ebdssbdestsearch,Victoria's Club Milano
Deutschlands GrÃ¶ÃŸte Hausparty | T-LOW Live on Stage | 18.11.22,Sat Nov 18 09:00:00 CET 2022,https://www.eventbrite.de/e/deutschlands-grote-hausparty-t-low-live-on-stage-181122-tickets-321660835217?aff=ebdssbdestsearch,MEC GmbH Millenium Event Center Braunschweig
Visite al giardino giapponese,Fri Nov 17 02:00:00 CET 2022,https://www.eventbrite.it/e/biglietti-visite-al-giardino-giapponese-297953255207?aff=ebdssbdestsearch,Istituto Giapponese di Cultura in Roma Roma
Istanbul Blockchain Week - Turkish Delegates,No Date,https://www.eventbrite.co.uk/e/istanbul-blockchain-week-turkish-delegates-tickets-402358153067?aff=ebdssbdestsearch,Hilton Istanbul Bomonti Hotel & Conference Center Istanbul Istanbul
Blockchain Conference,Thu Nov 23 02:30:00 CET 2022,https://www.eventbrite.it/e/biglietti-blockchain-conference-439046849947?aff=ebdssbdestsearch,H-FARM CAMPUS Roncade
KARAOKE ITALIANO @Scuderia // Ogni GiovedÃ¬ // Bologna // Ingresso Gratuito,Fri Nov 17 09:00:00 CET 2022,https://www.eventbrite.it/e/biglietti-karaoke-italiano-scuderia-ogni-giovedi-bologna-ingresso-gratuito-427461708477?aff=ebdssbdestsearch,Scuderia Future Food Living Lab Bologna
UX Night at Vinted (3 Talks),Tue Nov 21 06:30:00 CET 2022,https://www.eventbrite.com/e/ux-night-at-vinted-3-talks-tickets-457030128417?aff=ebdssbdestsearch,Vinted Vilnius
Keramik Pop-Up Sale Augsburg,Sat Nov 18 10:00:00 CET 2022,https://www.eventbrite.de/e/keramik-pop-up-sale-augsburg-tickets-459983020597?aff=ebdssbdestsearch,GroÃŸer Scheiben-GasbehÃ¤lter Augsburg
Luminaria Music by Candelight,Mon Nov 13 06:30:00 CET 2022,https://www.eventbrite.it/e/biglietti-luminaria-music-by-candelight-432427140217?aff=ebdssbdestsearch,Chiesa di San Paolo entro le Mura Roma
Perspektive Wein 2022,Mon Nov 13 11:00:00 CET 2022,https://www.eventbrite.de/e/perspektive-wein-2022-tickets-396539900517?aff=ebdssbdestsearch,Kulturbetrieb Wagenhallen Stuttgart
Avvicinamento al mondo del mito e della cultura greca,Fri Nov 17 06:30:00 CET 2022,https://www.eventbrite.it/e/biglietti-avvicinamento-al-mondo-del-mito-e-della-cultura-greca-428374107487?aff=ebdssbdestsearch,Aula Magna Complesso Beato Pellegrino - UniversitÃ  degli studi di Padova Padova
Seminario I Codici delle Scelte con Daniel Lumera,Mon Nov 20 10:00:00 CET 2022,https://www.eventbrite.it/e/biglietti-seminario-i-codici-delle-scelte-con-daniel-lumera-434029643347?aff=ebdssbdestsearch,G Hotel Vicenza Creazzo
SIO Festival - MÃ¼nchen,Sat Nov 25 08:30:00 CET 2022,https://www.eventbrite.de/e/sio-festival-munchen-tickets-425759697717?aff=ebdssbdestsearch,Backstage Kulturzentrum MÃ¼nchen
Green World Tour Wien,No Date,https://www.eventbrite.de/e/green-world-tour-wien-tickets-230530090707?aff=ebdssbdestsearch,Mensa der neuen Wirtschaftsuni Welthandelsplatz 1 1020 Wien Wien
SUB ZERO PROJECT | Prater DOME Wien,Mon Dec 25 10:00:00 CET 2022,https://www.eventbrite.at/e/sub-zero-project-prater-dome-wien-tickets-415330604017?aff=ebdssbdestsearch,Prater DOME Wien
Shabbat Dinner,No Date,https://www.eventbrite.com/e/shabbat-dinner-tickets-429007792857?aff=ebdssbdestsearch,NBN TLV Hub Tel Aviv-Yafo Tel Aviv District
Tech Dating Munich  - Tech conferences & Networking with Engineering Teams,Fri Nov 17 06:30:00 CET 2022,https://www.eventbrite.com/e/tech-dating-munich-tech-conferences-networking-with-engineering-teams-tickets-415927138267?aff=ebdssbdestsearch,Norcom - AI Software Munich
25.11. RAVE'N'ROLL 2022,Sat Nov 25 09:00:00 CET 2022,https://www.eventbrite.it/e/2511-ravenroll-2022-tickets-460080682707?aff=ebdssbdestsearch,Fischzuchtweg 30 Brixen
David LaChapelle: Poems and Fevers,Fri Nov 17 06:30:00 CET 2022,https://www.eventbrite.it/e/biglietti-david-lachapelle-poems-and-fevers-430997554287?aff=ebdssbdestsearch,Deodato Arte via Nerino 2 Milano
Saying the Wrong Thing: An English Comedy Hour in Berlin(Free Entry),Thu Nov 16 07:59:00 CET 2022,https://www.eventbrite.com/e/saying-the-wrong-thing-an-english-comedy-hour-in-berlinfree-entry-tickets-167609357099?aff=ebdssbdestsearch,Kohlenquelle Berlin
David and Goliath: Sustainable Fashion Panel with t3n,Wed Nov 29 06:30:00 CET 2022,https://www.eventbrite.com/e/david-and-goliath-sustainable-fashion-panel-with-t3n-tickets-433506478547?aff=ebdssbdestsearch,Factory Berlin GÃ¶rlitzer Park Berlin
VDSIS prÃ¤sentiert: Meliah LIVE IN BERLIN mit BrÃ¶selmann Thiago Maya uvm.,Sun Nov 26 06:00:00 CET 2022,https://www.eventbrite.de/e/vdsis-prasentiert-meliah-live-in-berlin-mit-broselmann-thiago-maya-uvm-tickets-458297800057?aff=ebdssbdestsearch,EJF Diakoniezentrum Heiligensee Berlin
Officina futurista,Fri Nov 17 08:00:00 CET 2022,https://www.eventbrite.it/e/biglietti-officina-futurista-333189919017?aff=ebdssbdestsearch,Teatro Dal Verme Milano
BOBINO CLUB VENERDI'-  POP  FRIDAY/CC | Aperitivo/serata +393382724181,Sat Nov 18 07:00:00 CET 2022,https://www.eventbrite.it/e/biglietti-bobino-club-venerdi-pop-fridaycc-aperitivoserata-393382724181-157331790621?aff=ebdssbdestsearch,Bobino Milano Milano
Pierino... e la Banda!,Mon Nov 20 05:00:00 CET 2022,https://www.eventbrite.it/e/biglietti-pierino-e-la-banda-458181070917?aff=ebdssbdestsearch,Teatro Dal Verme Milano
Sound The System @ BASIS VINSCHGAU,Sun Dec 03 09:00:00 CET 2022,https://www.eventbrite.it/e/sound-the-system-basis-vinschgau-tickets-458224721477?aff=ebdssbdestsearch,BASIS Vinschgau Venosta Silandro
Quando il Dal Verme  era un cinema,Sun Nov 19 04:00:00 CET 2022,https://www.eventbrite.it/e/biglietti-quando-il-dal-verme-era-un-cinema-333199587937?aff=ebdssbdestsearch,Teatro Dal Verme Milano
AL CENTRO DI ROMA: Creuza de mÃ  di Fabrizio De AndrÃ© con G. Castaldo,Fri Dec 01 06:00:00 CET 2022,https://www.eventbrite.com/e/biglietti-al-centro-di-roma-creuza-de-ma-di-fabrizio-de-andre-con-g-castaldo-444858151707?aff=ebdssbdestsearch,Palazzo Venezia Roma
New York Comedy Club - Berlin: Main Show,Mon Nov 13 09:00:00 CET 2022,https://www.eventbrite.com/e/new-york-comedy-club-berlin-main-show-tickets-233758797857?aff=ebdssbdestsearch,Z Bar Berlin
Electronic Friday I 23.12.22 I Backstage MÃ¼nchen,Sat Dec 23 08:00:00 CET 2022,https://www.eventbrite.de/e/electronic-friday-i-231222-i-backstage-munchen-tickets-440380498927?aff=ebdssbdestsearch,Backstage Kulturzentrum MÃ¼nchen
Founders Live Cairo,Thu Nov 30 06:00:00 CET 2022,https://www.eventbrite.com/e/founders-live-cairo-tickets-431539234467?aff=ebdssbdestsearch,Consoleya Bab Al Louq Cairo Governorate
Forever Kick Off 2023,Sat Jan 21 01:00:00 CET 2022,https://www.eventbrite.de/e/forever-kick-off-2023-tickets-429039497687?aff=ebdssbdestsearch,Eisbach Studios MÃ¼nchen MÃ¼nchen
Prince Charming Live! Mit Miss Ivanka T. & GÃ¤sten,Fri Nov 17 08:00:00 CET 2022,https://www.eventbrite.com/e/prince-charming-live-mit-miss-ivanka-t-gasten-tickets-421762080737?aff=ebdssbdestsearch,Bar Zum schmutzigen Hobby Berlin
Instant theatre con Enrico Bertolino,No Date,https://www.eventbrite.it/e/biglietti-instant-theatre-con-enrico-bertolino-432084916617?aff=ebdssbdestsearch,Sala Napoleonica - Ville Ponti Varese
Women in Web3: Startup Pitches with the Women Circle,Wed Nov 15 06:30:00 CET 2022,https://www.eventbrite.com/e/women-in-web3-startup-pitches-with-the-women-circle-tickets-433509317037?aff=ebdssbdestsearch,Factory Berlin GÃ¶rlitzer Park Berlin
UKWA Royal Fetz,No Date,https://www.eventbrite.at/e/ukwa-royal-fetz-tickets-364053101627?aff=ebdssbdestsearch,GÃ¶ssendorf GÃ¶ssendorf
SORTIE Club & Teras - Turkish Clubbing - Every Saturday,No Date,https://www.eventbrite.de/e/sortie-club-teras-turkish-clubbing-every-saturday-tickets-417882958177?aff=ebdssbdestsearch,SORTIE Club & Teras MÃ¼nchen
MILANO CAFE' VENERDI'  | Aperitivo/serata info +393382724181,Sat Nov 18 08:00:00 CET 2022,https://www.eventbrite.it/e/biglietti-milano-cafe-venerdi-aperitivoserata-info-393382724181-241991642517?aff=ebdssbdestsearch,Milano CafÃ¨ Milano
Advanced Toolbox For The Data Protection Officer,Thu Nov 23 04:00:00 CET 2022,https://www.eventbrite.com/e/advanced-toolbox-for-the-data-protection-officer-tickets-425070255577?aff=ebdssbdestsearch,Mine Tel Aviv-Yafo Tel Aviv District
Unicorns in Tech Get-Together - hosted by Deutsche Bahn,Fri Nov 17 07:00:00 CET 2022,https://www.eventbrite.de/e/unicorns-in-tech-get-together-hosted-by-deutsche-bahn-tickets-439690123997?aff=ebdssbdestsearch,EUREF Campus Berlin
VERTICAL HORIZION ROME by QUIET ENSEMBLE,No Date,https://www.eventbrite.com/e/biglietti-vertical-horizion-rome-by-quiet-ensemble-454014588857?aff=ebdssbdestsearch,Villa di Fiorano Roma
Unstoppable Women,Tue Nov 14 04:30:00 CET 2022,https://www.eventbrite.it/e/biglietti-unstoppable-women-429560997507?aff=ebdssbdestsearch,Spazio Lenovo Milano
8. JAPANMARKT BERLIN - DER JAPANISCHE WEIHNACHTSMARKT BERLINS,Mon Nov 27 12:00:00 CET 2022,https://www.eventbrite.de/e/8-japanmarkt-berlin-der-japanische-weihnachtsmarkt-berlins-tickets-452996333227?aff=ebdssbdestsearch,Festsaal Kreuzberg Biergarten Berlin
Ø¬ÙˆØ§ Ø§Ù„Ø¨Ø§Ù„ÙˆÙ†Ø© Ø§Ù„Ø²Ø±Ù‚Ø§ - Ø­Ù?Ù„ Ù…ÙˆØ³ÙŠÙ‚ÙŠ Ù…Ø¹ Ø¹Ù„ÙŠ Ø¹ÙŠØ³Ù‰ ÙˆØ£ÙŠÙ…Ù† Ø¹ØµÙ?ÙˆØ±,No Date,https://www.eventbrite.com/e/459961847267?aff=ebdssbdestsearch,Jesuit Cultural Center CLEOPATRA Alexandria Governorate
MIKE WILLIAMS | Prater DOME Wien,Sun Dec 17 10:00:00 CET 2022,https://www.eventbrite.at/e/mike-williams-prater-dome-wien-tickets-415322178817?aff=ebdssbdestsearch,Prater DOME Wien
EATALY VINO FESTIVAL - Essen Wein & Musik,Fri Nov 24 06:00:00 CET 2022,https://www.eventbrite.de/e/eataly-vino-festival-essen-wein-musik-tickets-447658327107?aff=ebdssbdestsearch,Eataly MÃ¼nchen MÃ¼nchen
Fesch'markt Wien - Das Marktfestival fÃ¼r Design Food & Lifestyle,No Date,https://www.eventbrite.com/e/feschmarkt-wien-das-marktfestival-fur-design-food-lifestyle-tickets-423149971957?aff=ebdssbdestsearch,Ottakringer Brauerei Wien
U Feel x Half Baked,Sat Nov 18 11:59:00 CET 2022,https://www.eventbrite.it/e/biglietti-u-feel-x-half-baked-464251828717?aff=ebdssbdestsearch,Super Club Milano
Milano Wargames - AREA GDR,Mon Nov 27 10:00:00 CET 2022,https://www.eventbrite.it/e/biglietti-milano-wargames-area-gdr-444014207447?aff=ebdssbdestsearch,Parco Esposizioni Novegro Novegro-Tregarezzo
BNB Chain Innovation Meetup - Ä°stanbul,Wed Nov 15 06:00:00 CET 2022,https://www.eventbrite.com/e/bnb-chain-innovation-meetup-istanbul-tickets-460150341057?aff=ebdssbdestsearch,Bomonti bira fabrikasÄ± Istanbul Ä°stanbul
DiscothÃ¨que - New Years Eve 2022/23,Sun Dec 31 09:00:00 CET 2022,https://www.eventbrite.de/e/discotheque-new-years-eve-202223-tickets-405297073457?aff=ebdssbdestsearch,Spindler & Klatt Berlin
Decentralized Sustainability: Blockchain & Web3.0 enabling a greener future,Fri Dec 01 03:30:00 CET 2022,https://www.eventbrite.co.uk/e/decentralized-sustainability-blockchain-web30-enabling-a-greener-future-tickets-441465785047?aff=ebdssbdestsearch,Impact Hub Berlin Berlin
Future Talk: The Future of Air Travel,Tue Nov 14 05:00:00 CET 2022,https://www.eventbrite.at/e/future-talk-the-future-of-air-travel-tickets-420382002887?aff=ebdssbdestsearch,Vienna AirportCity Office Park 4 Schwechat
TUM IDEAward 2022,Fri Nov 24 06:00:00 CET 2022,https://www.eventbrite.de/e/tum-ideaward-2022-registration-443182539907?aff=ebdssbdestsearch,Foyer Audimax MÃ¼nchen
Corridoio o finestrino? Prenota un posto vicino a Sammy,Thu Nov 16 08:30:00 CET 2022,https://www.eventbrite.it/e/biglietti-corridoio-o-finestrino-prenota-un-posto-vicino-a-sammy-426730852467?aff=ebdssbdestsearch,Multisala Corso Treviso
Open Day - Scopri H-FARM International School,No Date,https://www.eventbrite.it/e/open-day-scopri-h-farm-international-school-tickets-439021203237?aff=ebdssbdestsearch,H-FARM CAMPUS Roncade
Evento special Vintage Calle Corte Legrenzi,No Date,https://www.eventbrite.com/e/biglietti-evento-special-vintage-calle-corte-legrenzi-443367021697?aff=ebdssbdestsearch,Corte Legrenzi Venezia
The Shade - 12 Novembre,No Date,https://www.eventbrite.it/e/biglietti-the-shade-12-novembre-456896950077?aff=ebdssbdestsearch,Limonaia di Villa Strozzi Firenze
TalksOnDesign: Design System alla ricerca della coerenza,Wed Nov 15 06:30:00 CET 2022,https://www.eventbrite.it/e/biglietti-talksondesign-design-system-alla-ricerca-della-coerenza-428568759697?aff=ebdssbdestsearch,Nana Bianca Firenze
Current Trends in Funding Israel and Worldwide,Mon Nov 13 06:45:00 CET 2022,https://www.eventbrite.co.uk/e/current-trends-in-funding-israel-and-worldwide-tickets-460633696787?aff=ebdssbdestsearch,×“×™×–×™ ×¤×¨×™×©×“×•×Ÿ ×ª×œ ×?×‘×™×‘ ×ž×—×•×– ×ª×œ ×?×‘×™×‘
BeThrifty Vintage Kilo Sale | MÃ¼nchen | 25. & 26.  November,Sat Nov 25 01:00:00 CET 2022,https://www.eventbrite.ca/e/bethrifty-vintage-kilo-sale-munchen-25-26-november-tickets-430812430577?aff=ebdssbdestsearch,Audi Dome MÃ¼nchen
Eurekalabria | ITNOG on the Road - Lamezia Terme,Thu Nov 16 09:00:00 CET 2022,https://www.eventbrite.it/e/biglietti-eurekalabria-itnog-on-the-road-lamezia-terme-450442273967?aff=ebdssbdestsearch,Lamezia Terme Lamezia Terme
Caccia al Tesoro a Treviso_settima tappa TCW2022,Mon Nov 13 10:00:00 CET 2022,https://www.eventbrite.it/e/biglietti-caccia-al-tesoro-a-treviso-settima-tappa-tcw2022-442939212107?aff=ebdssbdestsearch,Treviso Treviso
EdTech after the Pandemic: Successes and Learnings,Fri Dec 01 06:30:00 CET 2022,https://www.eventbrite.com/e/edtech-after-the-pandemic-successes-and-learnings-tickets-433514973957?aff=ebdssbdestsearch,Factory Berlin GÃ¶rlitzer Park Berlin
"Liceo Classico ""S.M. Legnani""- Open Day n.1 -  20",Mon Nov 20 08:30:00 CET 2022,https://www.eventbrite.it/e/biglietti-liceo-classico-sm-legnani-open-day-n1-20-439216457247?aff=ebdssbdestsearch,Via Angelo Volonterio 34 Saronno
La Casa di Babbo Natale Arezzo,Sat Nov 25 12:00:00 CET 2022,https://www.eventbrite.it/e/biglietti-la-casa-di-babbo-natale-arezzo-421314953367?aff=ebdssbdestsearch,Palazzo della Fraternita dei Laici Arezzo
Napa Talks 2022 & Award Ceremony,Sat Nov 18 11:00:00 CET 2022,https://www.eventbrite.com/e/napa-talks-2022-award-ceremony-tickets-438933089687?aff=ebdssbdestsearch,MO muziejus Vilnius
25Â° Compleanno THE SUN - EVENTO ESCLUSIVO @Assisi,Sun Dec 03 07:30:00 CET 2022,https://www.eventbrite.it/e/biglietti-25-compleanno-the-sun-evento-esclusivo-assisi-413286439867?aff=ebdssbdestsearch,Teatro Lyrick Assisi Santa Maria degli Angeli
Alt-Finance Day 2022,Fri Nov 24 09:15:00 CET 2022,https://www.eventbrite.it/e/biglietti-alt-finance-day-2022-439070310117?aff=ebdssbdestsearch,Palazzo dei Giureconsulti Milano
Beyond green - alle radici della vera sostenibilitÃ ,Sat Nov 25 03:00:00 CET 2022,https://www.eventbrite.it/e/biglietti-beyond-green-alle-radici-della-vera-sostenibilita-420561900967?aff=ebdssbdestsearch,Auditorium Campus Scientifico UniversitÃ  Ca' Foscari Mestre
"â˜…LIVE STAND UP COMEDYâ˜…im Comedy Club ""Mad Monkey Room"" | 18:00h| 030 COMEDY",Mon Nov 13 06:00:00 CET 2022,https://www.eventbrite.de/e/live-stand-up-comedyim-comedy-club-mad-monkey-room-1800h-030-comedy-tickets-383463679187?aff=ebdssbdestsearch,Mad Monkey Room Berlin
DAMA Italy Annual Convention 2022,Sat Nov 25 09:30:00 CET 2022,https://www.eventbrite.it/e/biglietti-dama-italy-annual-convention-2022-429060841527?aff=ebdssbdestsearch,FICO Eataly World Bologna
NOTTURNA: Viaggio nei Tarocchi tra affreschi e mistero,Sun Nov 26 09:00:00 CET 2022,https://www.eventbrite.it/e/biglietti-notturna-viaggio-nei-tarocchi-tra-affreschi-e-mistero-411339045157?aff=ebdssbdestsearch,CASTELLO DI MALPAGA CAVERNAGO
Thanksgiving Dinner,Fri Nov 24 07:00:00 CET 2022,https://www.eventbrite.com/e/thanksgiving-dinner-tickets-429043930947?aff=ebdssbdestsearch,NBN TLV Hub Tel Aviv-Yafo Tel Aviv District
87. ZEIT Forum Wissenschaft,Thu Nov 23 07:00:00 CET 2022,https://www.eventbrite.de/e/87-zeit-forum-wissenschaft-tickets-458445040457?aff=ebdssbdestsearch,Berlin-Brandenburgische Akademie der Wissenschaften Berlin
silent.move walk'n'dance disco tour // Berlin.,Sat Nov 18 08:30:00 CET 2022,https://www.eventbrite.de/e/silentmove-walkndance-disco-tour-berlin-tickets-157180987565?aff=ebdssbdestsearch,Gendarmenmarkt Berlin
Next Block Expo OPENING PARTY - Blockchain Festival Night 1,Wed Nov 22 10:00:00 CET 2022,https://www.eventbrite.com/e/next-block-expo-opening-party-blockchain-festival-night-1-tickets-453915903687?aff=ebdssbdestsearch,Warschauer Pl. 18 Berlin
OPEN DAY  | Corsi di Disegno e Pittura | Milano Painting Academy,No Date,https://www.eventbrite.it/e/biglietti-open-day-corsi-di-disegno-e-pittura-milano-painting-academy-172957489507?aff=ebdssbdestsearch,Via Francesco de Sanctis 34 Milano
La fusione a Padova,Tue Nov 21 03:00:00 CET 2022,https://www.eventbrite.it/e/biglietti-la-fusione-a-padova-444130545417?aff=ebdssbdestsearch,Aula Magna di Palazzo Bo Padova
Comedy im HÃ¶rsaal Wien,Thu Nov 23 07:00:00 CET 2022,https://www.eventbrite.com/e/comedy-im-horsaal-wien-tickets-430156027257?aff=ebdssbdestsearch,UniversitÃ¤t Wien FakultÃ¤t Mathematik Wien
MAD MONDAY MAINSHOW- Stand up Comedy im Mad Monkey Room (20 Uhr),Tue Nov 14 08:00:00 CET 2022,https://www.eventbrite.de/e/mad-monday-mainshow-stand-up-comedy-im-mad-monkey-room-20-uhr-tickets-162407754967?aff=ebdssbdestsearch,Mad Monkey Room Berlin
KÃ¤tz Club - XTRAVAGANZA - Kink & Glam,No Date,https://www.eventbrite.de/e/katz-club-xtravaganza-kink-glam-tickets-387106334467?aff=ebdssbdestsearch,KÃ„TZ Leipzig
Piano Night,Thu Nov 16 07:30:00 CET 2022,https://www.eventbrite.de/e/piano-night-tickets-420580787457?aff=ebdssbdestsearch,JazzHall (an der Hochschule fÃ¼r Musik und Theater) Hamburg
COMEDY EXTRAVAGANZA with Reginald BÃ¤rris,Sat Nov 18 07:30:00 CET 2022,https://www.eventbrite.at/e/comedy-extravaganza-with-reginald-barris-tickets-382096489887?aff=ebdssbdestsearch,Shebeen International Pub Wien
Moon Party - NBX Blockchain Festival Night 2,Thu Nov 23 10:00:00 CET 2022,https://www.eventbrite.com/e/moon-party-nbx-blockchain-festival-night-2-tickets-453912553667?aff=ebdssbdestsearch,Warschauer Pl. 18 Berlin
PURE VENOM ANNIVERSARY w/ KÃ˜:LAB & NEON GRAVEYARD | 24 HR RAVE,Sun Nov 19 11:59:00 CET 2022,https://www.eventbrite.de/e/pure-venom-anniversary-w-klab-neon-graveyard-24-hr-rave-tickets-460971386827?aff=ebdssbdestsearch,TWENTYFIVE CLUB & Baalsaal Hamburg
TECH DAY 2022,Fri Nov 17 01:00:00 CET 2022,https://www.eventbrite.at/e/tech-day-2022-tickets-223268591367?aff=ebdssbdestsearch,ThirtyFive Eventlocation Wien
Cantaloop trifft baff!,No Date,https://www.eventbrite.de/e/cantaloop-trifft-baff-tickets-423170924627?aff=ebdssbdestsearch,Ev.-Luth. Friedenskirche Altona Hamburg
BookCity | Comunicare con gli algoritmi,Fri Nov 17 05:30:00 CET 2022,https://www.eventbrite.it/e/registrazione-bookcity-comunicare-con-gli-algoritmi-446020127207?aff=ebdssbdestsearch,MEET Digital Culture Center Milano
Beerlesque @Manifest,Mon Nov 27 04:00:00 CET 2022,https://www.eventbrite.com/e/beerlesque-manifest-tickets-311425571267?aff=ebdssbdestsearch,Manifest Taproom Berlin
LACHEN MUSS SEIN! Khalid Benaissa und Faiz - Stand-Up Comedy Show,Mon Nov 27 06:00:00 CET 2022,https://www.eventbrite.de/e/lachen-muss-sein-khalid-benaissa-und-faiz-stand-up-comedy-show-tickets-442681892457?aff=ebdssbdestsearch,Rp5 Stage Hannover
MILANO FASHION GALA  (F/W 23 ) February 25th 2023,Sat Feb 25 05:00:00 CET 2022,https://www.eventbrite.com/e/milano-fashion-gala-fw-23-february-25th-2023-tickets-318315749977?aff=ebdssbdestsearch,MeliÃ¡ Milano Milano
LISTEN TO MUNICH,No Date,https://www.eventbrite.de/e/listen-to-munich-tickets-409759821657?aff=ebdssbdestsearch,Feierwerk MÃ¼nchen
Dom PÃ©rignon x Lady Gaga Luminous Nights @NOMAD,No Date,https://www.eventbrite.com/e/dom-perignon-x-lady-gaga-luminous-nights-nomad-tickets-439097551597?aff=ebdssbdestsearch,NOMAD Restaurant Hamburg Hamburg
Fiducia Cooperazione Futuro: diventiamo grandi insieme!,Fri Nov 24 08:30:00 CET 2022,https://www.eventbrite.it/e/biglietti-fiducia-cooperazione-futuro-diventiamo-grandi-insieme-459961105047?aff=ebdssbdestsearch,Teatro alle Stimate Verona
Ridi a Creepypelle - Firmacopie con PERA TOONS - NAPOLI,Sat Nov 18 05:00:00 CET 2022,https://www.eventbrite.it/e/biglietti-ridi-a-creepypelle-firmacopie-con-pera-toons-napoli-419522833087?aff=ebdssbdestsearch,Feltrinelli Megastore Napoli
PianoBar â€“ Live Music Show in The Hangar 55 Milano,Fri Nov 17 07:30:00 CET 2022,https://www.eventbrite.it/e/biglietti-pianobar-live-music-show-in-the-hangar-55-milano-421734237457?aff=ebdssbdestsearch,55 Milano Milano
Vinterfesten,Sat Dec 09 05:00:00 CET 2022,https://www.eventbrite.co.uk/e/vinterfesten-biljetter-423191014717?aff=ebdssbdestsearch,Media Evolution MalmÃ¶
Women In Leadership Week 2022,Tue Nov 21 06:00:00 CET 2022,https://www.eventbrite.de/e/women-in-leadership-week-2022-tickets-451692994907?aff=ebdssbdestsearch,ESMT Berlin Berlin
Becoming 1%er - Vienna Exclusive,Mon Nov 20 02:00:00 CET 2022,https://www.eventbrite.com/e/becoming-1er-vienna-exclusive-tickets-439031975457?aff=ebdssbdestsearch,Krakauer Str. 19 Wien
SCHNACK Stand-Up Comedy im Haus73,Fri Dec 08 08:00:00 CET 2022,https://www.eventbrite.de/e/schnack-stand-up-comedy-im-haus73-tickets-341889218857?aff=ebdssbdestsearch,Haus 73 Hamburg
BAPS Diwali Annakut Celebration & Mystic India Movie Screening Stuttgart,Sun Nov 19 04:00:00 CET 2022,https://www.eventbrite.com/e/baps-diwali-annakut-celebration-mystic-india-movie-screening-stuttgart-tickets-445526370367?aff=ebdssbdestsearch,TVH Botnang Stuttgart
Cangrande OPEN DAY 2022-2023,Fri Jan 13 06:30:00 CET 2022,https://www.eventbrite.it/e/biglietti-cangrande-open-day-2022-2023-440241974597?aff=ebdssbdestsearch,Its Cangrande della Scala Verona
Not A Drug Dealer - English Stand-Up Comedy Night with Malinda Perera,Mon Nov 20 07:00:00 CET 2022,https://www.eventbrite.at/e/not-a-drug-dealer-english-stand-up-comedy-night-with-malinda-perera-tickets-328832335367?aff=ebdssbdestsearch,Shamrock Irish Pub MÃ¼nchen
Farra profuma d'autunno | Escursione letteraria  - Paesaggio,Mon Nov 27 09:30:00 CET 2022,https://www.eventbrite.it/e/biglietti-farra-profuma-dautunno-escursione-letteraria-paesaggio-391126438707?aff=ebdssbdestsearch,Area Festeggiamenti Proloco Soligo Farra di Soligo TV
Punto. Diverse Prospettive 2022: Contatto,No Date,https://www.eventbrite.it/e/biglietti-punto-diverse-prospettive-2022-contatto-435691764797?aff=ebdssbdestsearch,"Cinema Teatro ""Romano Pascutto"" San Stino di Livenza"
Kirk Smith Christmas Gospel Nights 25. Nov. 2022,Sat Nov 25 07:00:00 CET 2022,https://www.eventbrite.de/e/kirk-smith-christmas-gospel-nights-25-nov-2022-tickets-424545044657?aff=ebdssbdestsearch,Evangelische Kirchengemeinde Gustav-Adolf Berlin
E-Commerce Inspiration Night (#5) Pre-Christmas-Edition by Vouchercube,Thu Nov 23 05:30:00 CET 2022,https://www.eventbrite.at/e/e-commerce-inspiration-night-5-pre-christmas-edition-by-vouchercube-tickets-410302093607?aff=ebdssbdestsearch,ZIMMER Design and Work Wien
BEST OF SCHNACK Stand-Up Comedy im Centralkomitee,Thu Nov 16 08:00:00 CET 2022,https://www.eventbrite.de/e/best-of-schnack-stand-up-comedy-im-centralkomitee-tickets-411220530677?aff=ebdssbdestsearch,Centralkomitee Hamburg Hamburg
DIFFERENT THINGS - Rassegna ClassicAperta,Fri Nov 17 07:00:00 CET 2022,https://www.eventbrite.it/e/biglietti-different-things-rassegna-classicaperta-414568825517?aff=ebdssbdestsearch,"Fondazione Casa della CaritÃ  ""A. Abriani"" Milano"
UnipolSai Briantea84 CantÃ¹-Self Group Millennium Basket Padova,No Date,https://www.eventbrite.it/e/biglietti-unipolsai-briantea84-cantu-self-group-millennium-basket-padova-458351590947?aff=ebdssbdestsearch,Palameda Meda
The Epic Comedy Show: An English Comedy Event in Berlin (English-Speaking),Sat Nov 18 08:00:00 CET 2022,https://www.eventbrite.com/e/the-epic-comedy-show-an-english-comedy-event-in-berlin-english-speaking-tickets-159686969023?aff=ebdssbdestsearch,1820 Bar Berlin
ROOTS X NSG,No Date,https://www.eventbrite.de/e/roots-x-nsg-tickets-421214723577?aff=ebdssbdestsearch,GroÃŸe Freiheit 36 Hamburg
VITERBO - Viaggio tra Stelle e Pianeti al Planetario Umbria Skywatching,Sun Nov 19 03:00:00 CET 2022,https://www.eventbrite.it/e/biglietti-viterbo-viaggio-tra-stelle-e-pianeti-al-planetario-umbria-skywatching-449826241397?aff=ebdssbdestsearch,Chiesa Parrocchiale della Sacra Famiglia Viterbo
Nimsaj's Stand Up Comedy - Open Mic,No Date,https://www.eventbrite.co.uk/e/nimsajs-stand-up-comedy-open-mic-tickets-327889174347?aff=ebdssbdestsearch,CafÃ© Votiv Wien
Kuriose VisionÃ¤re @ Hochlandhalle,Sun Nov 26 02:00:00 CET 2022,https://www.eventbrite.com/e/kuriose-visionare-hochlandhalle-tickets-461724138327?aff=ebdssbdestsearch,Weilheim Hochlandhalle Weilheim in Oberbayern
Fuckup Nights Vienna Vol. 36 | 8th Fuckupversary powered by IP Ã–sterreich,Wed Nov 29 05:30:00 CET 2022,https://www.eventbrite.at/e/fuckup-nights-vienna-vol-36-8th-fuckupversary-powered-by-ip-osterreich-tickets-464195570447?aff=ebdssbdestsearch,The Social Hub Vienna Wien
Headless // Team 80s â€¢ Leipzig,No Date,https://www.eventbrite.de/e/headless-team-80s-leipzig-tickets-449451510567?aff=ebdssbdestsearch,Moritzbastei Leipzig
Movie80's Party Vol.2 | 19 novembre| ore 22.00,Sun Nov 19 10:00:00 CET 2022,https://www.eventbrite.it/e/biglietti-movie80s-party-vol2-19-novembre-ore-2200-463716316987?aff=ebdssbdestsearch,AncheCinema Bari
Progettare  UdA  con il format Disegnare il Futuro,Thu Nov 23 04:30:00 CET 2022,https://www.eventbrite.it/e/biglietti-progettare-uda-con-il-format-disegnare-il-futuro-427047429357?aff=ebdssbdestsearch,Manzoni Verona
the ANTIwar Comedy show â€¢ a CHARITY Stand up Comedy show in English,Fri Nov 17 08:30:00 CET 2022,https://www.eventbrite.co.uk/e/the-antiwar-comedy-show-a-charity-stand-up-comedy-show-in-english-tickets-313667175967?aff=ebdssbdestsearch,"Bar ""Space Meduza"" Berlin"
Open Day - Explore the H-FARM International School in Vicenza,No Date,https://www.eventbrite.it/e/open-day-explore-the-h-farm-international-school-in-vicenza-tickets-439504077527?aff=ebdssbdestsearch,H-FARM International School Vicenza Vicenza
Christmas Miracle,No Date,https://www.eventbrite.com/e/christmas-miracle-tickets-444168940257?aff=ebdssbdestsearch,Vilniaus universiteto KultÅ«ros centras (VU DidÅ¾ioji aula) M. K. ÄŒiurlionio g. 21 Vilnius 03101 Vilnius
Lifebuoy Crew X Zwischenbau - Final Dance,No Date,https://www.eventbrite.de/e/lifebuoy-crew-x-zwischenbau-final-dance-tickets-447941353647?aff=ebdssbdestsearch,Zwischenbau Rostock
Expedition,Sat Nov 25 09:00:00 CET 2022,https://www.eventbrite.it/e/biglietti-expedition-445976877847?aff=ebdssbdestsearch,Civico Planetario Ulrico Hoepli Milano
JavaSummit IL '22,Tue Nov 21 08:30:00 CET 2022,https://www.eventbrite.com/e/javasummit-il-22-tickets-341201943197?aff=ebdssbdestsearch,David Intercontinental Tel Aviv-Yafo Tel Aviv District
×”×ž×—×œ×§×” ×”×ž×©×¤×˜×™×ª ×•×?×¨×’×•×Ÿ ×”×¦×™×•×ª ×©×œ ×”×ª×¢×©×™×™×” ×”×?×•×•×™×¨×™×ª ×ž×–×ž×™× ×™×?: ×ž× ×™×¢×ª ×©×•×—×“ ×•×©×—×™×ª×•×ª,Wed Nov 22 08:30:00 CET 2022,https://www.eventbrite.com/e/444512578087?aff=ebdssbdestsearch,×ž×¨×›×– ×¤×¨×¡ ×œ×©×œ×•×? ×•×œ×—×“×©× ×•×ª ×ª×œ ×?×‘×™×‘ ×ž×—×•×– ×ª×œ ×?×‘×™×‘
Female Business Hub Netzwerken: Bubbly Networking inkl. GrÃ¼ndungsstory,Fri Nov 24 07:00:00 CET 2022,https://www.eventbrite.de/e/female-business-hub-netzwerken-bubbly-networking-inkl-grundungsstory-tickets-442916905387?aff=ebdssbdestsearch,Erchy`s Berlin
UX-Testing at the Startup Incubator Berlin - November 2022,Fri Nov 24 05:00:00 CET 2022,https://www.eventbrite.de/e/ux-testing-at-the-startup-incubator-berlin-november-2022-tickets-439489303337?aff=ebdssbdestsearch,Startup Incubator Berlin Berlin
Index #2 | Riflessioni sulla leadership e sulla felicitÃ  lavorativa,Fri Dec 15 06:30:00 CET 2022,https://www.eventbrite.it/e/biglietti-index-2-riflessioni-sulla-leadership-e-sulla-felicita-lavorativa-443236792177?aff=ebdssbdestsearch,H-FARM CAMPUS Roncade
Dancing With Myself | 80s Party â€¢ Weltecho Chemnitz â€¢ Sa 12.11.22,No Date,https://www.eventbrite.de/e/dancing-with-myself-80s-party-weltecho-chemnitz-sa-121122-tickets-418318821857?aff=ebdssbdestsearch,Weltecho Chemnitz
2000 POWER @SodaPops // Il LunedÃ¬ di Bologna // Ingresso Gratuito,Tue Nov 14 10:30:00 CET 2022,https://www.eventbrite.it/e/biglietti-2000-power-sodapops-il-lunedi-di-bologna-ingresso-gratuito-462408896457?aff=ebdssbdestsearch,Soda Pops Bologna
WelcomeHack Winter 2022,Sun Nov 26 08:00:00 CET 2022,https://www.eventbrite.com/e/welcomehack-winter-2022-tickets-422550238137?aff=ebdssbdestsearch,VÃ¤stra Storgatan 16 553 15 JÃ¶nkÃ¶ping Sweden JÃ¶nkoping
L'Ulisse: dall'oralitÃ  alla scena,Mon Nov 20 07:00:00 CET 2022,https://www.eventbrite.it/e/biglietti-lulisse-dalloralita-alla-scena-449690595677?aff=ebdssbdestsearch,Heracles Gymnasium Milano
champI4.0ns - Innovation in der Industrie - Daten & Holzwerkstoff,Fri Nov 17 02:00:00 CET 2022,https://www.eventbrite.com/e/champi40ns-innovation-in-der-industrie-daten-holzwerkstoff-tickets-439779340847?aff=ebdssbdestsearch,wolke19 im Ares Tower Wien
V.O.I.C.E - Winter Fairytale I,Sun Dec 10 07:00:00 CET 2022,https://www.eventbrite.at/e/voice-winter-fairytale-i-tickets-347944851417?aff=ebdssbdestsearch,Lorely-Saal Wien
DJ per lo sport,Sat Nov 18 07:00:00 CET 2022,https://www.eventbrite.com/e/biglietti-dj-per-lo-sport-431646796187?aff=ebdssbdestsearch,I.I.S. Badoni Lecco
15x4 Talks - Math AnomalitiesGreen H2 TechMicrobes & Resistance to Change,Fri Nov 17 07:00:00 CET 2022,https://www.eventbrite.com/e/15x4-talks-math-anomalitiesgreen-h2-techmicrobes-resistance-to-change-registration-446537354247?aff=ebdssbdestsearch,Stylight MÃ¼nchen
Get ConneCCted  - Meet Forever and Friends - Meerane,No Date,https://www.eventbrite.de/e/get-conneccted-meet-forever-and-friends-meerane-tickets-440898408007?aff=ebdssbdestsearch,Romantik Hotel Schwanefeld & SPA Meerane
Plant Swap NÃ¼rnberg  #3,Wed Nov 15 06:00:00 CET 2022,https://www.eventbrite.com/e/plant-swap-nurnberg-3-tickets-419645851037?aff=ebdssbdestsearch,Kulturwerkstatt Auf AEG NÃ¼rnberg
Co-Founder Match  Vol.9,Wed Nov 22 06:30:00 CET 2022,https://www.eventbrite.de/e/co-founder-match-vol9-tickets-414703277667?aff=ebdssbdestsearch,German Entrepreneurship Center MÃ¼nchen
Benefizkonzert mit Landespolizeiorchester Brandenburg,Sat Nov 18 07:00:00 CET 2022,https://www.eventbrite.de/e/benefizkonzert-mit-landespolizeiorchester-brandenburg-tickets-445133314727?aff=ebdssbdestsearch,Katholische Pfarrkirche St. Peter und Paul Potsdam
SUNDAY BRUNCH - Una domenica speciale in Piazza Gae Aulenti Milano,Mon Nov 13 11:00:00 CET 2022,https://www.eventbrite.it/e/biglietti-sunday-brunch-una-domenica-speciale-in-piazza-gae-aulenti-milano-463479157637?aff=ebdssbdestsearch,illy CaffÃ¨ Milano
Goa Rituals w/ Major7,No Date,https://www.eventbrite.de/e/goa-rituals-w-major7-tickets-443215007017?aff=ebdssbdestsearch,M-Bia Berlin
metafinanz â€“ Rebels at Work,Fri Nov 17 06:00:00 CET 2022,https://www.eventbrite.de/e/metafinanz-rebels-at-work-tickets-443177324307?aff=ebdssbdestsearch,Business & IT Consulting | metafinanz GmbH MÃ¼nchen
TvBoy: Roma Art Night,Wed Nov 22 06:30:00 CET 2022,https://www.eventbrite.it/e/biglietti-tvboy-roma-art-night-461773556137?aff=ebdssbdestsearch,Via Giulia 122 Roma
New York Comedy Club - Berlin: Main Show at Limited MF,Thu Nov 16 09:30:00 CET 2022,https://www.eventbrite.com/e/new-york-comedy-club-berlin-main-show-at-limited-mf-tickets-407961001337?aff=ebdssbdestsearch,Limited MF Berlin
SHABBY - Stand up Comedy im Mad Monkey Room (20:00 Uhr),Sat Nov 18 08:00:00 CET 2022,https://www.eventbrite.de/e/shabby-stand-up-comedy-im-mad-monkey-room-2000-uhr-tickets-157761885045?aff=ebdssbdestsearch,Mad Monkey Room Berlin
IL CORAGGIO DELLE DONNE - FARE IMPRESA OGGI,Wed Nov 15 04:30:00 CET 2022,https://www.eventbrite.com/e/biglietti-il-coraggio-delle-donne-fare-impresa-oggi-448467778197?aff=ebdssbdestsearch,Biblioteca Europea Roma
"""E quindi.....Inferno!"" 12 novembre",No Date,https://www.eventbrite.it/e/biglietti-e-quindiinferno-12-novembre-438926399677?aff=ebdssbdestsearch,Teatro Marcello Mastroianni San Martino Siccomario
OMEGA-Digital Art Exhibition,No Date,https://www.eventbrite.co.uk/e/omega-digital-art-exhibition-tickets-461734188387?aff=ebdssbdestsearch,Praxitelous 26 Athina
Los pÃ¡jaros negros de 2020,Thu Nov 23 09:00:00 CET 2022,https://www.eventbrite.it/e/biglietti-los-pajaros-negros-de-2020-452960325527?aff=ebdssbdestsearch,Spazio Teatro No'hma Teresa Pomodoro Milano
"Female Networking Night ""Sichtbarkeit & Standing""",Sat Nov 18 07:00:00 CET 2022,https://www.eventbrite.de/e/female-networking-night-sichtbarkeit-standing-tickets-386033796477?aff=ebdssbdestsearch,Akademischer Gesangverein MÃ¼nchen - Chor Orchester BigBand Theater MÃ¼nchen
BeShort - Brand Entertainment Short Movie Summit,Fri Dec 01 10:00:00 CET 2022,https://www.eventbrite.com/e/biglietti-beshort-brand-entertainment-short-movie-summit-450419024427?aff=ebdssbdestsearch,Anteo City Life Milano
The Merage DeserTech Competition Finals,Wed Nov 22 06:00:00 CET 2022,https://www.eventbrite.com/e/the-merage-desertech-competition-finals-tickets-417527404707?aff=ebdssbdestsearch,Carasso Science Park Be'er Sheva South District
GrÃ¼nderszene SpÃ¤tschicht Berlin - Christmas Edition - 01.12.22,Fri Dec 01 07:00:00 CET 2022,https://www.eventbrite.de/e/grunderszene-spatschicht-berlin-christmas-edition-011222-tickets-215575781967?aff=ebdssbdestsearch,Napoleon Komplex Berlin
LA STORIA DEL JAZZ  suonata e raccontata da  PAOLO TOMELLERI e la sua BAND,Mon Nov 13 05:00:00 CET 2022,https://www.eventbrite.it/e/biglietti-la-storia-del-jazz-suonata-e-raccontata-da-paolo-tomelleri-e-la-sua-band-410606544227?aff=ebdssbdestsearch,Teatro Bello Milano
BENETTI HALF MARATHON LIVORNO 2022 - Apertura Faro di Livorno,No Date,https://www.eventbrite.it/e/biglietti-benetti-half-marathon-livorno-2022-apertura-faro-di-livorno-445588947537?aff=ebdssbdestsearch,Via Edda Fagni 85 Livorno
BeComedy a Roma,Mon Nov 27 08:00:00 CET 2022,https://www.eventbrite.co.uk/e/biglietti-becomedy-a-roma-441589164077?aff=ebdssbdestsearch,SNODO Roma
BOOST 14: The Future of Finance In a World of Uncertainty,Wed Nov 22 09:00:00 CET 2022,https://www.eventbrite.com/e/boost-14-the-future-of-finance-in-a-world-of-uncertainty-tickets-449365643737?aff=ebdssbdestsearch,Designit Tel Aviv Tel Aviv-Yafo Tel Aviv District
"Franz Schubert: As-Dur Messe/ Sinfonie Nr. 7 ""Unvollendete""",No Date,https://www.eventbrite.de/e/franz-schubert-as-dur-messe-sinfonie-nr-7-unvollendete-tickets-443621211987?aff=ebdssbdestsearch,Emmaus-Kirche - Ev. Emmaus-Ã–lberg-Kirchengemeinde Berlin
FuckUp Nights Leipzig Vol. 42,Fri Dec 01 08:00:00 CET 2022,https://www.eventbrite.com/e/fuckup-nights-leipzig-vol-42-tickets-450799693017?aff=ebdssbdestsearch,WERK 2 Kulturfabrik Leipzig
Il Bosco Vivo di Selvazzano,Mon Nov 13 11:15:00 CET 2022,https://www.eventbrite.it/e/biglietti-il-bosco-vivo-di-selvazzano-450415423657?aff=ebdssbdestsearch,Parco via Veneto Selvazzano Dentro
Mayhem live in Leipzig 2022,Fri Dec 15 08:00:00 CET 2022,https://www.eventbrite.de/e/mayhem-live-in-leipzig-2022-tickets-86332876959?aff=ebdssbdestsearch,Haus Leipzig Leipzig
Die Zero Waste Austria Konferenz zur Zukunft des Handels,Fri Nov 17 09:00:00 CET 2022,https://www.eventbrite.at/e/die-zero-waste-austria-konferenz-zur-zukunft-des-handels-tickets-409900983877?aff=ebdssbdestsearch,Ottakringer Brauerei Wien
TRIOGIPFEL E.T.A. 200 â€“ â€žWo die Sprache aufhÃ¶rt fÃ¤ngt die Musik anâ€œ,Sun Nov 19 06:00:00 CET 2022,https://www.eventbrite.de/e/triogipfel-eta-200-wo-die-sprache-aufhort-fangt-die-musik-an-tickets-354471974217?aff=ebdssbdestsearch,KÃ¼hlhaus Berlin Berlin
ROTE SONNE NYE & NYD WEEKENDER 2022/2023,Sun Dec 31 11:00:00 CET 2022,https://www.eventbrite.de/e/rote-sonne-nye-nyd-weekender-20222023-tickets-451680607857?aff=ebdssbdestsearch,Rote Sonne MÃ¼nchen
INVITATION: Estonian Ambassador to Israel + Wine Nov 15th 7pm,Wed Nov 15 07:00:00 CET 2022,https://www.eventbrite.com/e/invitation-estonian-ambassador-to-israel-wine-nov-15th-7pm-tickets-464241568027?aff=ebdssbdestsearch,Rothschild 49 Art Gallery Tel Aviv
TPK! Total Party Kon,No Date,https://www.eventbrite.com/e/biglietti-tpk-total-party-kon-440802009677?aff=ebdssbdestsearch,La Casa dei Giochi Milano
REMIRA MARKET 13 Novembre MILANO,Mon Nov 13 10:30:00 CET 2022,https://www.eventbrite.it/e/registrazione-remira-market-13-novembre-milano-450564148497?aff=ebdssbdestsearch,Via Luigi Nono 9 Milano
Headless â€¢ The Home of Alternative Rock â€¢ Lido Berlin,Sun Nov 19 11:59:00 CET 2022,https://www.eventbrite.de/e/headless-the-home-of-alternative-rock-lido-berlin-tickets-429087330757?aff=ebdssbdestsearch,Lido Berlin
X Convegno Nazionale SIAA - Verona 14-17 dicembre,No Date,https://www.eventbrite.it/e/biglietti-x-convegno-nazionale-siaa-verona-14-17-dicembre-341185855077?aff=ebdssbdestsearch,Verona Verona
LIVE MUSIC SHOW-55 MILANO GIOVEDI'/CC | Aperitivo/serata +393382724181,Fri Nov 17 07:30:00 CET 2022,https://www.eventbrite.it/e/biglietti-live-music-show-55-milano-giovedicc-aperitivoserata-393382724181-120535658399?aff=ebdssbdestsearch,55 Milano Milano
"×™×•×¢×ž""×©×™×? ×ž×“×‘×¨×™×? ×§×¨×™×™×¨×” - ×•×ž×§×‘×œ×™×? ×˜×™×¤×™×? ×—×©×•×‘×™×? ×¢×? ×ž×©×¨×“ ×¤×™×©×¨",Thu Nov 23 09:00:00 CET 2022,https://www.eventbrite.com/e/447143366847?aff=ebdssbdestsearch,×¢×–×¨×™×?×œ×™ ×˜×?×•×Ÿ ×ª×œ ×?×‘×™×‘ ×ž×—×•×– ×ª×œ ×?×‘×™×‘
Round Tables - Influence the FemTech Ecosystem,Fri Nov 17 08:00:00 CET 2022,https://www.eventbrite.com/e/round-tables-influence-the-femtech-ecosystem-tickets-460104052607?aff=ebdssbdestsearch,Google for Startups Campus Tel Aviv-Yafo Tel Aviv District
Generation 16+,Sat Nov 18 07:00:00 CET 2022,https://www.eventbrite.com/e/generation-16-tickets-445532598997?aff=ebdssbdestsearch,Backstage Kulturzentrum MÃ¼nchen
Swing Social Club,No Date,https://www.eventbrite.it/e/biglietti-swing-social-club-453801020067?aff=ebdssbdestsearch,Circolo Arci Mondini Milano
AVUS TRIBÃœNE OPENING  12.11.22,No Date,https://www.eventbrite.de/e/avus-tribune-opening-121122-tickets-449658850727?aff=ebdssbdestsearch,Avus-TribÃ¼ne Berlin
Venice Italians and the Ottoman Levant - 1st LHF meeting in Venice Italy,Fri Nov 24 09:00:00 CET 2022,https://www.eventbrite.co.uk/e/venice-italians-and-the-ottoman-levant-1st-lhf-meeting-in-venice-italy-tickets-404665073127?aff=ebdssbdestsearch,Aula Mario Baratto Venezia
VeszprÃ©m â€“ Balaton 2023 EurÃ³pa KulturÃ¡lis FÅ‘vÃ¡rosa Ã©s LikÃ³ Marcell koncert,Fri Nov 24 06:00:00 CET 2022,https://www.eventbrite.com/e/veszprem-balaton-2023-europa-kulturalis-fovarosa-es-liko-marcell-koncert-tickets-439108805257?aff=ebdssbdestsearch,EurÃ³pa Pont Budapest
Guestlist Vienna Thursday Babenberger Passage,Fri Nov 17 11:00:00 CET 2022,https://www.eventbrite.com/e/guestlist-vienna-thursday-babenberger-passage-tickets-459910102497?aff=ebdssbdestsearch,Babenberger Passage Wien
Boat in the Jam,Sat Nov 25 06:00:00 CET 2022,https://www.eventbrite.co.uk/e/boat-in-the-jam-tickets-445988071327?aff=ebdssbdestsearch,Red Tower Å?Ã³dÅº
Guerilla Slam - Berlins realster Slam in Kreuzberg,Mon Nov 13 07:30:00 CET 2022,https://www.eventbrite.com/e/guerilla-slam-berlins-realster-slam-in-kreuzberg-tickets-442791871407?aff=ebdssbdestsearch,Monarch Bar Berlin
Velvet Innovation Meetup - listopad,Fri Nov 24 05:00:00 CET 2022,https://www.eventbrite.com/e/velvet-innovation-meetup-listopad-tickets-444026032817?aff=ebdssbdestsearch,VysokÃ© uÄ?enÃ­ technickÃ© v BrnÄ› Brno-stÅ™ed
Gli investimenti sostenibili degli investitori previdenziali italiani,Fri Nov 17 03:00:00 CET 2022,https://www.eventbrite.it/e/biglietti-gli-investimenti-sostenibili-degli-investitori-previdenziali-italiani-429107089857?aff=ebdssbdestsearch,Online e a Roma (Palazzo Falletti Salone del Trono) Roma
Science Magic | in English & for Kids,Mon Nov 13 03:30:00 CET 2022,https://www.eventbrite.de/e/science-magic-in-english-for-kids-tickets-444606488977?aff=ebdssbdestsearch,The Wall Comedy Berlin
K-Ã– New Music in Vienna,Mon Dec 11 07:30:00 CET 2022,https://www.eventbrite.com/e/k-o-new-music-in-vienna-tickets-429576233077?aff=ebdssbdestsearch,ë¹ˆ ì?Œì•…í˜‘íšŒ Wien
Licei Opera Sant'Alessandro / Open Day 2022 - 2023,Sun Dec 17 02:30:00 CET 2022,https://www.eventbrite.it/e/registrazione-licei-opera-santalessandro-open-day-2022-2023-421338553957?aff=ebdssbdestsearch,Licei Opera Sant'Alessandro Bergamo
PRATICA PRIMO SOCCORSO: TECNICHE DI RIANIMAZIONE E MANOVRA DI HEIMLICH,Sun Nov 26 09:00:00 CET 2022,https://www.eventbrite.it/e/biglietti-pratica-primo-soccorso-tecniche-di-rianimazione-e-manovra-di-heimlich-453719586497?aff=ebdssbdestsearch,Via Giuseppe Garibaldi 10 San Giorgio di Piano
Kannada Rajyotsava Celebration 2022,No Date,https://www.eventbrite.com/e/kannada-rajyotsava-celebration-2022-tickets-445322691157?aff=ebdssbdestsearch,HÃ¶rsaal 6 - Otto-von-Guericke-UniversitÃ¤t Magdeburg
Matching Night Hamburg,Sun Dec 03 08:00:00 CET 2022,https://www.eventbrite.de/e/matching-night-hamburg-tickets-427837773297?aff=ebdssbdestsearch,CASCADAS Hamburg
10 anni di Startup Act,Thu Nov 23 12:30:00 CET 2022,https://www.eventbrite.it/e/registrazione-10-anni-di-startup-act-441561732027?aff=ebdssbdestsearch,Auditorium Antonianum Roma
Investment & Wine - Networking Event in Leipzig,Tue Nov 21 07:00:00 CET 2022,https://www.eventbrite.com/e/investment-wine-networking-event-in-leipzig-tickets-438885918597?aff=ebdssbdestsearch,INNSIDE Leipzig Leipzig
VinTage Weinmesse 2022,Mon Nov 13 12:00:00 CET 2022,https://www.eventbrite.de/e/vintage-weinmesse-2022-tickets-417915585767?aff=ebdssbdestsearch,AXICA Kongress- und Tagungszentrum Berlin
Hit 'em up # vol. 2,No Date,https://www.eventbrite.at/e/hit-em-up-vol-2-tickets-449446425357?aff=ebdssbdestsearch,V-Club Villach- Asia Club Villach
Il volontariato del 2022 si racconta: identitÃ  diverse in una storia comune,No Date,https://www.eventbrite.com/e/biglietti-il-volontariato-del-2022-si-racconta-identita-diverse-in-una-storia-comune-453885432547?aff=ebdssbdestsearch,Ex-Monastero di Sant'Agostino - Aula Magna - UniversitÃ  degli Studi di Bergamo Bergamo
Pub Crawl Palermo ''Follow me'',No Date,https://www.eventbrite.es/e/pub-crawl-palermo-follow-me-tickets-211834902897?aff=ebdssbdestsearch,Finch Palermo
RIETI - Viaggio tra Stelle e Pianeti al Planetario Umbria Skywatching,No Date,https://www.eventbrite.it/e/biglietti-rieti-viaggio-tra-stelle-e-pianeti-al-planetario-umbria-skywatching-449825950527?aff=ebdssbdestsearch,Associazione Sportiva Dilettantistica Dance Project Rieti
Talento. Mecenatismo. Bellezza.,Thu Nov 16 08:15:00 CET 2022,https://www.eventbrite.it/e/biglietti-talento-mecenatismo-bellezza-441016581467?aff=ebdssbdestsearch,Teatro Camploy Verona
Classic SM Playparty â€œPassion Spezialâ€?,Sat Nov 25 09:00:00 CET 2022,https://www.eventbrite.de/e/classic-sm-playparty-passion-spezial-tickets-343056500227?aff=ebdssbdestsearch,Catonium Hamburg
Silvester 2022/2023 im ALICE Rooftop & Garden,Sun Dec 31 08:00:00 CET 2022,https://www.eventbrite.de/e/silvester-20222023-im-alice-rooftop-garden-tickets-191054969557?aff=ebdssbdestsearch,ALICE Rooftop & Garden Berlin
INCONTRO CON MATTEO GRACIS,Fri Nov 24 06:00:00 CET 2022,https://www.eventbrite.it/e/biglietti-incontro-con-matteo-gracis-440402775557?aff=ebdssbdestsearch,Ca' Sagredo Hotel Venezia
Data Science in Biotech,Fri Nov 24 01:30:00 CET 2022,https://www.eventbrite.com/e/data-science-in-biotech-tickets-462496327967?aff=ebdssbdestsearch,Wolfson auditorium  Wolfson Building Rehovot
Investment Outlook: Challenges and Opportunities,Thu Nov 16 06:30:00 CET 2022,https://www.eventbrite.com/e/investment-outlook-challenges-and-opportunities-registration-460654880147?aff=ebdssbdestsearch,Porto Palace Hotel Thessaloniki Î˜ÎµÏƒÏƒÎ±Î»Î¿Î½Î¯ÎºÎ·
Wilde Herzen â€¢ Die Indie Pop Party mit deutschen Texten â€¢ Lido Berlin,Sun Nov 26 11:59:00 CET 2022,https://www.eventbrite.de/e/wilde-herzen-die-indie-pop-party-mit-deutschen-texten-lido-berlin-tickets-429097300577?aff=ebdssbdestsearch,Lido Berlin
Gali-Day 12 novembre 2022,No Date,https://www.eventbrite.it/e/gali-day-12-novembre-2022-tickets-459935348007?aff=ebdssbdestsearch,Cinema Arlecchino Voghera
TUNNEL pres. DR. PEACOCK in der HALLE FREIHEIT 36,Fri Dec 22 10:00:00 CET 2022,https://www.eventbrite.de/e/tunnel-pres-dr-peacock-in-der-halle-freiheit-36-tickets-462617901597?aff=ebdssbdestsearch,Tunnel Club Hamburg Hamburg
Impact Hub Berlin Tour,Wed Nov 15 05:30:00 CET 2022,https://www.eventbrite.de/e/impact-hub-berlin-tour-tickets-294480909327?aff=ebdssbdestsearch,Impact Hub Berlin Berlin
The Dark Side of Wissensvermittlung,Thu Nov 16 07:00:00 CET 2022,https://www.eventbrite.com/e/the-dark-side-of-wissensvermittlung-tickets-405529759427?aff=ebdssbdestsearch,CCB Innsbruck Innsbruck
Mallorcaparty - Die Zipfelbuben mit ihrem Hit Olivia - Live im G Club Vol,No Date,https://www.eventbrite.com/e/mallorcaparty-die-zipfelbuben-mit-ihrem-hit-olivia-live-im-g-club-vol-tickets-427836920747?aff=ebdssbdestsearch,G Club Volkach Volkach
Not A Drug Dealer - English Stand-Up Comedy Night with Malinda Perera,Sat Nov 18 08:30:00 CET 2022,https://www.eventbrite.at/e/not-a-drug-dealer-english-stand-up-comedy-night-with-malinda-perera-tickets-328814632417?aff=ebdssbdestsearch,Crazy Nate's Johannis NÃ¼rnberg
OPEN DAY / GRAFICA / 12.11.2022,No Date,https://www.eventbrite.it/e/biglietti-open-day-grafica-12112022-425707331087?aff=ebdssbdestsearch,Istituto Salesiano San Marco Venezia
Workshop: Inclusive Leadership,Fri Nov 17 07:00:00 CET 2022,https://www.eventbrite.co.uk/e/workshop-inclusive-leadership-tickets-454867590207?aff=ebdssbdestsearch,Center for Digital Technology and Management MÃ¼nchen
Stefano Massini racconta,Wed Nov 22 08:45:00 CET 2022,https://www.eventbrite.it/e/biglietti-stefano-massini-racconta-445344085147?aff=ebdssbdestsearch,Largo Dieci Martiri 1 Montebelluna
GREEN ITALY WORKSHOP November 2022,Thu Nov 16 09:00:00 CET 2022,https://www.eventbrite.com/e/biglietti-green-italy-workshop-november-2022-404029582357?aff=ebdssbdestsearch,Cagliari Cagliari
1-Day for CRISPR in Milan,Sat Nov 18 12:30:00 CET 2022,https://www.eventbrite.it/e/1-day-for-crispr-in-milan-tickets-446100357177?aff=ebdssbdestsearch,UniversitÃ  Milano Bicocca Milano
KLASSIK COOL! Der standhafte Zinnsoldat,Sun Nov 19 05:00:00 CET 2022,https://www.eventbrite.at/e/klassik-cool-der-standhafte-zinnsoldat-tickets-386010195887?aff=ebdssbdestsearch,Meidlinger Pfarrkirche Wien
TESS PARKS // behind the green door,Fri Nov 24 08:00:00 CET 2022,https://www.eventbrite.de/e/tess-parks-behind-the-green-door-tickets-338846658477?aff=ebdssbdestsearch,Import Export MÃ¼nchen
PMI italiane e transizione ecologica: profili ESG e finanza sostenibile,Thu Nov 30 10:00:00 CET 2022,https://www.eventbrite.it/e/biglietti-pmi-italiane-e-transizione-ecologica-profili-esg-e-finanza-sostenibile-429650545347?aff=ebdssbdestsearch,Online e a Milano (Centro Culturale di Milano) Milano
Metaverse Meetup #5 in Berlin,Thu Nov 23 06:30:00 CET 2022,https://www.eventbrite.de/e/metaverse-meetup-5-in-berlin-tickets-440265103777?aff=ebdssbdestsearch,PIABO Berlin
Esserci o non esserci? Dialogo-spettacolo con Andrea Pennacchi,Fri Nov 17 03:30:00 CET 2022,https://www.eventbrite.it/e/biglietti-esserci-o-non-esserci-dialogo-spettacolo-con-andrea-pennacchi-459928517577?aff=ebdssbdestsearch,Aula Magna di Palazzo Bo Padova
Giuseppe Lupo,Sun Nov 19 08:45:00 CET 2022,https://www.eventbrite.it/e/biglietti-giuseppe-lupo-443294103597?aff=ebdssbdestsearch,Gussago Gussago
Peeces Vintage Pop-Up  â€¢  Stuttgart â€¢ Vintage Kilo Sale,Sun Nov 19 11:00:00 CET 2022,https://www.eventbrite.de/e/peeces-vintage-pop-up-stuttgart-vintage-kilo-sale-tickets-444493320487?aff=ebdssbdestsearch,Snap Studios Studio 1 Stuttgart
Prelude Family Concert,Sun Nov 26 04:30:00 CET 2022,https://www.eventbrite.com/e/prelude-family-concert-tickets-453366349957?aff=ebdssbdestsearch,Lobe Block Berlin
Fisch sucht Fahrrad | Single Party in Berlin | 25. November 2022,Sat Nov 25 09:00:00 CET 2022,https://www.eventbrite.de/e/fisch-sucht-fahrrad-single-party-in-berlin-25-november-2022-tickets-386911451567?aff=ebdssbdestsearch,FRANNZ Berlin
Jahrestreffen +  Wissensplattform fÃ¼r Wegbereiter*innen + Magazin = Party,Fri Nov 24 03:00:00 CET 2022,https://www.eventbrite.de/e/jahrestreffen-wissensplattform-fur-wegbereiterinnen-magazin-party-tickets-406813860207?aff=ebdssbdestsearch,Freiraum in der Box Berlin
FuoriStandUp - Potaboyz,Thu Nov 30 08:00:00 CET 2022,https://www.eventbrite.it/e/biglietti-fuoristandup-potaboyz-456911985047?aff=ebdssbdestsearch,Circolo Arci Fuori Orario Taneto
12.November 2022 â˜… Ãœ30 Partyâ˜… Eventcenter NÃ¶rten Hardenberg â˜…,No Date,https://www.eventbrite.de/e/12november-2022-u30-party-eventcenter-norten-hardenberg-tickets-443013383957?aff=ebdssbdestsearch,Event Center NÃ¶rten-Hardenberg NÃ¶rten-Hardenberg
Alquanto comici,No Date,https://www.eventbrite.it/e/biglietti-alquanto-comici-439702240237?aff=ebdssbdestsearch,Centro Culturale Il Pertini (Auditorium) Cinisello Balsamo
Munich Global Impact Hub Co-Creation-Conference #3,Sat Nov 25 08:30:00 CET 2022,https://www.eventbrite.de/e/munich-global-impact-hub-co-creation-conference-3-tickets-441529064317?aff=ebdssbdestsearch,Munich Business School MÃ¼nchen
Eiropas mÄ?kslas kino diena | AKLUMS,Mon Nov 13 04:30:00 CET 2022,https://www.eventbrite.fi/e/eiropas-makslas-kino-diena-aklums-tickets-460650055717?aff=ebdssbdestsearch,K. Suns RÄ«ga
MYStartup Competition - Tappa 3 VERONA,Sat Nov 18 06:00:00 CET 2022,https://www.eventbrite.it/e/biglietti-mystartup-competition-tappa-3-verona-429784997497?aff=ebdssbdestsearch,311 Verona Verona
Canticoro 2022 - Bassano del Grappa (VI),Mon Nov 13 05:30:00 CET 2022,https://www.eventbrite.it/e/biglietti-canticoro-2022-bassano-del-grappa-vi-432726034217?aff=ebdssbdestsearch,Duomo di Santa Maria Assunta in Colle Bassano del Grappa
NEON VELVET | Das XXL Neon-Festival | Club Velvet Leipzig | 11.11.22,No Date,https://www.eventbrite.de/e/neon-velvet-das-xxl-neon-festival-club-velvet-leipzig-111122-tickets-450932099047?aff=ebdssbdestsearch,Club Velvet Leipzig
Concerto di Santa Cecilia. Orchestra Gruppo d'Archi Veneto,Mon Nov 13 06:00:00 CET 2022,https://www.eventbrite.it/e/biglietti-concerto-di-santa-cecilia-orchestra-gruppo-darchi-veneto-444042301477?aff=ebdssbdestsearch,Cinema Teatro Careni Pieve di Soligo
AL CENTRO DI ROMA: Nero a metÃ  di Pino Daniele con E. Assante,Wed Dec 27 06:00:00 CET 2022,https://www.eventbrite.com/e/biglietti-al-centro-di-roma-nero-a-meta-di-pino-daniele-con-e-assante-444864410427?aff=ebdssbdestsearch,Palazzo Venezia Roma
Aziende a confronto con  il mentore di Bill Gates,Wed Nov 15 06:30:00 CET 2022,https://www.eventbrite.com/e/biglietti-aziende-a-confronto-con-il-mentore-di-bill-gates-440961576947?aff=ebdssbdestsearch,H-FARM CAMPUS Roncade
WeihnachtsmÃ¤rchen: Schneefritzchen und die sieben Ziegen (16:30 Uhr),Mon Nov 27 04:30:00 CET 2022,https://www.eventbrite.de/e/weihnachtsmarchen-schneefritzchen-und-die-sieben-ziegen-1630-uhr-tickets-425646438957?aff=ebdssbdestsearch,WalddÃ¶rfer Sportforum Hamburg
Speck&Tech Retreat v3,Sat Dec 02 05:00:00 CET 2022,https://www.eventbrite.it/e/specktech-retreat-v3-registration-416367816347?aff=ebdssbdestsearch,Hotel AlpHoliday Dolomiti Dimaro
Data saturday Parma 2022,Sun Nov 26 08:30:00 CET 2022,https://www.eventbrite.co.uk/e/data-saturday-parma-2022-tickets-276828851547?aff=ebdssbdestsearch,Parma Parma
DisabilitÃ  visiva e inclusione scolastica e sociale,Sun Dec 03 09:00:00 CET 2022,https://www.eventbrite.it/e/biglietti-disabilita-visiva-e-inclusione-scolastica-e-sociale-443919253437?aff=ebdssbdestsearch,UniversitÃ  Cattolica del Sacro Cuore Milano
Omaggio a Ennio Morricone - presso Sala dei Giganti,Mon Nov 20 04:30:00 CET 2022,https://www.eventbrite.com/e/biglietti-omaggio-a-ennio-morricone-presso-sala-dei-giganti-443190724387?aff=ebdssbdestsearch,Sala dei Giganti - Palazzo Liviano Padova
Meet the new US Consul General Jason Chue,Wed Dec 06 06:30:00 CET 2022,https://www.eventbrite.de/e/meet-the-new-us-consul-general-jason-chue-tickets-435572638487?aff=ebdssbdestsearch,Park Hyatt Hamburg Hamburg
FAMIGLIE: Racconti di Natale al Castello,Sun Dec 03 02:00:00 CET 2022,https://www.eventbrite.it/e/biglietti-famiglie-racconti-di-natale-al-castello-414185288347?aff=ebdssbdestsearch,CASTELLO DI MALPAGA CAVERNAGO
MONE     |  FREDDIE DICKSON  Â |    KAT KOAN,Thu Nov 16 07:00:00 CET 2022,https://www.eventbrite.ie/e/mone-freddie-dickson-kat-koan-tickets-407961984277?aff=ebdssbdestsearch,Marie-Antoinette Berlin
SUPER 159,No Date,https://www.eventbrite.it/e/biglietti-super-159-463547772867?aff=ebdssbdestsearch,Lanificio Roma
LEGGERE IL SUD - NELLA STANZA DEGLI SPIRITI - con Mario Desiati,Sun Nov 26 11:00:00 CET 2022,https://www.eventbrite.it/e/biglietti-leggere-il-sud-nella-stanza-degli-spiriti-con-mario-desiati-445260284497?aff=ebdssbdestsearch,Teatro Comunale NiccolÃ² Piccinni Bari
Sorin PÃ¢rcÄƒlab Cristi Popesco & Sergiu MiricÄƒ @Munchen,Sat Dec 09 09:00:00 CET 2022,https://www.eventbrite.co.uk/e/sorin-parcalab-cristi-popesco-sergiu-mirica-munchen-tickets-444264445917?aff=ebdssbdestsearch,Filmtheater Sendlinger Tor MÃ¼nchen
KÃ¤tz Club - BERLIN CALL - House & Techno,Wed Nov 15 09:00:00 CET 2022,https://www.eventbrite.de/e/katz-club-berlin-call-house-techno-tickets-418812739177?aff=ebdssbdestsearch,KÃ„TZ Leipzig
20. Internationale Konferenz fÃ¼r Politische Kommunikation,Mon Nov 13 01:00:00 CET 2022,https://www.eventbrite.de/e/20-internationale-konferenz-fur-politische-kommunikation-registrierung-427789127797?aff=ebdssbdestsearch,Akademie der Konrad-Adenauer-Stiftung e.V. Berlin
Geometra Oggi,No Date,https://www.eventbrite.it/e/biglietti-geometra-oggi-444163092767?aff=ebdssbdestsearch,Fiera di Padova Padova
Filosofia a colazione: quando Platone ti salva la vita - Benedetta Santini,Mon Nov 20 05:30:00 CET 2022,https://www.eventbrite.com/e/biglietti-filosofia-a-colazione-quando-platone-ti-salva-la-vita-benedetta-santini-408822949447?aff=ebdssbdestsearch,Biblioteca civica VEZ Venezia
Per una didattica a prova di futuro,No Date,https://www.eventbrite.it/e/biglietti-per-una-didattica-a-prova-di-futuro-440802310577?aff=ebdssbdestsearch,ADI Design Museum Milano
Sogno notturno a Roma (1871-2021),Wed Dec 06 05:30:00 CET 2022,https://www.eventbrite.co.uk/e/sogno-notturno-a-roma-1871-2021-tickets-449451049187?aff=ebdssbdestsearch,Fondazione Ernesta Besso Roma
27. ROHKUNSTBAU - Zukunft. Ins Offene.,No Date,https://www.eventbrite.de/e/27-rohkunstbau-zukunft-ins-offene-tickets-419535149927?aff=ebdssbdestsearch,Schloss AltdÃ¶bern AltdÃ¶bern
English Stand up Comedy Night with Tamas Vamos,Thu Nov 23 07:30:00 CET 2022,https://www.eventbrite.com/e/english-stand-up-comedy-night-with-tamas-vamos-tickets-433462466907?aff=ebdssbdestsearch,Mi Barrio Wien
25 Jahre Dark Saturday â€“ 25 Jahre Factory,Sun Nov 26 11:00:00 CET 2022,https://www.eventbrite.com/e/25-jahre-dark-saturday-25-jahre-factory-tickets-433504572847?aff=ebdssbdestsearch,Factory Magdeburg Magdeburg
ROYAL DANCE feat. GIULIA SIEGEL,Sun Nov 26 07:00:00 CET 2022,https://www.eventbrite.de/e/royal-dance-feat-giulia-siegel-tickets-328030446897?aff=ebdssbdestsearch,Schloss Milkersdorf Milkersdorf
Blockchain Forum Italia 2022,Sat Nov 18 09:00:00 CET 2022,https://www.eventbrite.it/e/biglietti-blockchain-forum-italia-2022-441518843747?aff=ebdssbdestsearch,Via Tortona 27 Milano
trade/off â€“ The Decision Intelligence Summit 2022,Wed Nov 22 09:00:00 CET 2022,https://www.eventbrite.de/e/tradeoff-the-decision-intelligence-summit-2022-tickets-381533977397?aff=ebdssbdestsearch,Festsaal Kreuzberg Berlin
Silvester im Waschhaus,Sun Dec 31 08:00:00 CET 2022,https://www.eventbrite.de/e/silvester-im-waschhaus-tickets-413116150527?aff=ebdssbdestsearch,Waschhaus Potsdam Potsdam
Didattica orientativa con stesura UdA- Monica Dal Moro- doc primaria 2Â° LIV,Thu Nov 16 04:30:00 CET 2022,https://www.eventbrite.it/e/biglietti-didattica-orientativa-con-stesura-uda-monica-dal-moro-doc-primaria-2-liv-427762728837?aff=ebdssbdestsearch,Scuola Media Fainelli-Gandhi Verona
The Israeli Insurtech Accelerator 4th Cohort Graduation Event,Fri Dec 01 05:00:00 CET 2022,https://www.eventbrite.com/e/the-israeli-insurtech-accelerator-4th-cohort-graduation-event-tickets-414490220407?aff=ebdssbdestsearch,×”×‘×•×¨×¡×” ×œ× ×™×™×¨×•×ª ×¢×¨×š ×ª×œ ×?×‘×™×‘ ×ž×—×•×– ×ª×œ ×?×‘×™×‘
PRANZI DOMENICALI UMBRI @ LA FUNIVIA - GUBBIO 20 NOVEMBRE,Mon Nov 20 12:30:00 CET 2022,https://www.eventbrite.com/e/biglietti-pranzi-domenicali-umbri-la-funivia-gubbio-20-novembre-460665411647?aff=ebdssbdestsearch,Ristorante Funivia - Bar la Terrazza Sant'Ubaldo
2000er Neon Party  SA- Party der Q12,No Date,https://www.eventbrite.de/e/2000er-neon-party-sa-party-der-q12-tickets-441106921677?aff=ebdssbdestsearch,Papillon Club Lounge Marktoberdorf
Don Gesualdo(Teatro Margherita - Caltanissetta 13),Mon Nov 13 06:30:00 CET 2022,https://www.eventbrite.com/e/biglietti-don-gesualdoteatro-margherita-caltanissetta-13-421376096247?aff=ebdssbdestsearch,Teatro 'Regina Margherita' Caltanissetta
Wine & Food Walking Tour GLOCKENBACH! | Munich Wine Rebels,No Date,https://www.eventbrite.de/e/wine-food-walking-tour-glockenbach-munich-wine-rebels-tickets-389979137097?aff=ebdssbdestsearch,WEINTOUR MÃ¼nchen
Wenn Deine Mutter wÃ¼sste â˜… SINGLE & FLIRT PARTY â˜… SA 12.11.22,No Date,https://www.eventbrite.de/e/wenn-deine-mutter-wusste-single-flirt-party-sa-121122-tickets-461342867937?aff=ebdssbdestsearch,Neschwitzer Str. 31 Kamenz
PIANO E-MOTION - MAURIZIO MASTRINI (PIANOFORTE E LIVE ELECTRONICS),Sun Nov 19 07:00:00 CET 2022,https://www.eventbrite.it/e/biglietti-piano-e-motion-maurizio-mastrini-pianoforte-e-live-electronics-445919807147?aff=ebdssbdestsearch,Fabbrica del Vapore Milano
HALMSTAD PREMIJERA | Republika Srpska: Borba za slobodu | Boris Malagurski,Sun Nov 26 02:00:00 CET 2022,https://www.eventbrite.com/e/halmstad-premijera-republika-srpska-borba-za-slobodu-boris-malagurski-tickets-432532906567?aff=ebdssbdestsearch,TBD Halmstad
Cyber ZERO - Kosovo -  International cyber security conference,Thu Jan 26 09:00:00 CET 2022,https://www.eventbrite.com/e/cyber-zero-kosovo-international-cyber-security-conference-tickets-421825289797?aff=ebdssbdestsearch,Hotel Emerald Prishtina
STANDUP COMEDY SPECIAL - British Indian Buddies,Mon Nov 13 07:00:00 CET 2022,https://www.eventbrite.com/e/standup-comedy-special-british-indian-buddies-tickets-435628846607?aff=ebdssbdestsearch,No Stress Bar Copenhagen
BLUBBERWASSER: Mit Wasserkefir Obst fermentieren,Sat Nov 18 02:00:00 CET 2022,https://www.eventbrite.de/e/blubberwasser-mit-wasserkefir-obst-fermentieren-tickets-441484811957?aff=ebdssbdestsearch,NochMall Berlin
JUNG & SEXY,No Date,https://www.eventbrite.de/e/jung-sexy-tickets-327929244197?aff=ebdssbdestsearch,Schloss Milkersdorf Milkersdorf
Clothes Swap + Christmas Party,Sun Nov 26 01:00:00 CET 2022,https://www.eventbrite.de/e/clothes-swap-christmas-party-tickets-442297482677?aff=ebdssbdestsearch,FrauFUTURE Berlin
LIVE UX-Testing at the Startup Incubator Berlin | Christmas & Networking,Fri Dec 15 05:00:00 CET 2022,https://www.eventbrite.de/e/live-ux-testing-at-the-startup-incubator-berlin-christmas-networking-tickets-438750042187?aff=ebdssbdestsearch,Startup Incubator Berlin Berlin
Ecologia Interiore a San Giovanni in Persiceto | Conferenza Daniel Lumera,Wed Nov 29 09:00:00 CET 2022,https://www.eventbrite.it/e/biglietti-ecologia-interiore-a-san-giovanni-in-persiceto-conferenza-daniel-lumera-459946300767?aff=ebdssbdestsearch,TEATRO COMUNALE SAN GIOVANNI IN PERSICETO San Giovanni in Persiceto
MONSTER MAINSHOW! Stand up Comedy im Mad Monkey Room (20 Uhr),Wed Nov 15 08:00:00 CET 2022,https://www.eventbrite.de/e/monster-mainshow-stand-up-comedy-im-mad-monkey-room-20-uhr-tickets-162403506259?aff=ebdssbdestsearch,Mad Monkey Room Berlin
Didattica orientativa - Laura Parenti- doc. secondaria -  2Â°livello,Thu Nov 16 04:30:00 CET 2022,https://www.eventbrite.it/e/biglietti-didattica-orientativa-laura-parenti-doc-secondaria-2livello-427754574447?aff=ebdssbdestsearch,Scuola Media Fainelli-Gandhi Verona
Additional set | J.A.W with Samora Pinderhughes Trio,Tue Nov 21 05:30:00 CET 2022,https://www.eventbrite.de/e/additional-set-jaw-with-samora-pinderhughes-trio-tickets-453931781177?aff=ebdssbdestsearch,RhinoÃ§Ã©ros Berlin
Das DamenkrÃ¤nzchen - Dein Event fÃ¼r Frauen am Bodensee,Fri Nov 17 06:00:00 CET 2022,https://www.eventbrite.de/e/das-damenkranzchen-dein-event-fur-frauen-am-bodensee-tickets-438580836087?aff=ebdssbdestsearch,Lukullum Friedrichshafen
Fintech Forum Budapest | Powered by Vacuumlabs,Wed Nov 15 06:00:00 CET 2022,https://www.eventbrite.com/e/fintech-forum-budapest-powered-by-vacuumlabs-tickets-445131258577?aff=ebdssbdestsearch,The Spot Budapest KirÃ¡ly utca 26 Budapest
â˜… Say Yes to Techno â˜… Berlin Techno â˜… Rave â˜…,Sat Nov 25 10:00:00 CET 2022,https://www.eventbrite.de/e/say-yes-to-techno-berlin-techno-rave-tickets-445471746987?aff=ebdssbdestsearch,ASeven Club & Eventlocation Berlin
Generazione Zeta costruiamo il futuro!,No Date,https://www.eventbrite.it/e/biglietti-generazione-zeta-costruiamo-il-futuro-451662924967?aff=ebdssbdestsearch,Teatro Cavallerizza Reggio Emilia
NGAGE Milano DAL VIVO - business community,Fri Nov 24 07:00:00 CET 2022,https://www.eventbrite.it/e/biglietti-ngage-milano-dal-vivo-business-community-154355422223?aff=ebdssbdestsearch,BISTROT 39 Milano
MANOVRE DISOSTRUZIONE VIA AEREE SU ADULTO BAMBINO E LATTANTE,Sat Nov 25 04:30:00 CET 2022,https://www.eventbrite.com/e/biglietti-manovre-disostruzione-via-aeree-su-adulto-bambino-e-lattante-431013431777?aff=ebdssbdestsearch,Auditorium regina pacis Molfetta
TIRAMISU' DAY - Aperitivo e Degustazione golosa,Fri Nov 17 07:00:00 CET 2022,https://www.eventbrite.it/e/biglietti-tiramisu-day-aperitivo-e-degustazione-golosa-464158670077?aff=ebdssbdestsearch,Nhero Milano Milano
Saltcity Awakes (w/ Oliver Jass),Sat Nov 25 10:00:00 CET 2022,https://www.eventbrite.com/e/saltcity-awakes-w-oliver-jass-tickets-439481800897?aff=ebdssbdestsearch,Die Ritterakademie LÃ¼neburg
Casa De Mikel 4: Î“Ï?Ï?Î¹ÏƒÎ¼Î±,Fri Nov 17 05:30:00 CET 2022,https://www.eventbrite.com/e/casa-de-mikel-4-tickets-123135055265?aff=ebdssbdestsearch,39RH+27 Nicosia
La mia tana,Sun Nov 19 02:45:00 CET 2022,https://www.eventbrite.it/e/biglietti-la-mia-tana-269540211027?aff=ebdssbdestsearch,ADI Design Museum Milano
Visita guidata alla Casa di Virgilio,Sat Feb 11 04:30:00 CET 2022,https://www.eventbrite.it/e/biglietti-visita-guidata-alla-casa-di-virgilio-425595055267?aff=ebdssbdestsearch,Giardini di piazza Vittorio Emanuele II Brindisi
Lichterfest auf der Straussenfarm,Mon Nov 27 02:00:00 CET 2022,https://www.eventbrite.de/e/lichterfest-auf-der-straussenfarm-tickets-259551063217?aff=ebdssbdestsearch,StrauÃŸenfarm Hegau-Bodensee Straussenfarm Stockach
RealTalk XIV - Ein Event das verÃ¤ndert,Thu Dec 14 07:00:00 CET 2022,https://www.eventbrite.at/e/realtalk-xiv-ein-event-das-verandert-tickets-403461593487?aff=ebdssbdestsearch,Dom im Berg Graz
Family Lab: Famiglie su Minecraft,No Date,https://www.eventbrite.it/e/biglietti-family-lab-famiglie-su-minecraft-446005011997?aff=ebdssbdestsearch,Future Education Modena Modena
UTSUWA 3.0 -SHIGUCHI- (18th.Nov.),Sat Nov 18 12:00:00 CET 2022,https://www.eventbrite.de/e/utsuwa-30-shiguchi-18thnov-tickets-443050725647?aff=ebdssbdestsearch,ãƒ™ãƒ«ãƒªãƒ³æ—¥ç‹¬ã‚»ãƒ³ã‚¿ãƒ¼ Berlin
Jack and the Beanstalk â€” A Family-Friendly Panto for the Holidays,Sun Dec 17 02:00:00 CET 2022,https://www.eventbrite.com/e/jack-and-the-beanstalk-a-family-friendly-panto-for-the-holidays-tickets-461062278687?aff=ebdssbdestsearch,Salesianum MÃ¼nchen
Mettiamoci in Gioco!,No Date,https://www.eventbrite.com/e/biglietti-mettiamoci-in-gioco-453134265787?aff=ebdssbdestsearch,Biblioteca Comunale Dalmine
BSides Berlin,Sun Nov 26 10:00:00 CET 2022,https://www.eventbrite.com/e/bsides-berlin-tickets-418590905667?aff=ebdssbdestsearch,c-base Berlin
Moni Zhang: Child from Wuhan | Standup & Storytelling | English,Sat Nov 18 08:00:00 CET 2022,https://www.eventbrite.de/e/moni-zhang-child-from-wuhan-standup-storytelling-english-tickets-435683138997?aff=ebdssbdestsearch,Z-Bar Berlin
SpinningÂ®4 Kids 2022,Mon Nov 27 10:00:00 CET 2022,https://www.eventbrite.de/e/spinning4-kids-2022-tickets-426667803887?aff=ebdssbdestsearch,Enjoy Fitness GmbH & Co. KG Oyten
The Next Generation â€“  Tim Bengel im GesprÃ¤ch mit Dorsch/Preuss/Neuhauser,Wed Nov 15 06:00:00 CET 2022,https://www.eventbrite.de/e/the-next-generation-tim-bengel-im-gesprach-mit-dorschpreussneuhauser-tickets-408698778047?aff=ebdssbdestsearch,CODE_n SPACES Stuttgart
Road to START Summit - Creating Sustainable Impact.,Sun Dec 10 06:00:00 CET 2022,https://www.eventbrite.de/e/road-to-start-summit-creating-sustainable-impact-tickets-452015529617?aff=ebdssbdestsearch,Plug & Play Munich MÃ¼nchen
Kimchi Workshop - vegan,Fri Dec 01 07:00:00 CET 2022,https://www.eventbrite.de/e/kimchi-workshop-vegan-tickets-442813094887?aff=ebdssbdestsearch,Plant Base Berlin
ALPINE MUSIC WINTER BEATS,Sun Dec 17 09:00:00 CET 2022,https://www.eventbrite.at/e/alpine-music-winter-beats-tickets-372658741327?aff=ebdssbdestsearch,St. Leonhard St. Leonhard
Stand Up Comedy Italia @Zog (Milano) PRENOTA AL NR. 02.36526251,Wed Nov 15 09:30:00 CET 2022,https://www.eventbrite.it/e/biglietti-stand-up-comedy-italia-zog-milano-prenota-al-nr-0236526251-452771621107?aff=ebdssbdestsearch,ZOG Milano
Shahak Shapira - CROWDSOURCED - 100% improvisiert | MÃœNCHEN | DEUTSCH,Mon Nov 27 07:45:00 CET 2022,https://www.eventbrite.de/e/shahak-shapira-crowdsourced-100-improvisiert-munchen-deutsch-tickets-462564311307?aff=ebdssbdestsearch,Lost Weekend MÃ¼nchen
SCUOLE APERTE LICEO MARINELLI PRIMO TURNO 17 DICEMBRE 2022,Sun Dec 17 02:30:00 CET 2022,https://www.eventbrite.it/e/biglietti-scuole-aperte-liceo-marinelli-primo-turno-17-dicembre-2022-428412341847?aff=ebdssbdestsearch,Liceo Scientifico Statale Giovanni Marinelli Udine
AI MeetUp,Wed Nov 15 07:00:00 CET 2022,https://www.eventbrite.com/e/ai-meetup-tickets-463438255297?aff=ebdssbdestsearch,Vilnius Tech Park #3 Vilnius
Die ganze Gans,No Date,https://www.eventbrite.de/e/die-ganze-gans-tickets-451038908517?aff=ebdssbdestsearch,Barkin'Kitchen Berlin
SCE Investors' Day,Fri Dec 08 02:00:00 CET 2022,https://www.eventbrite.de/e/sce-investors-day-tickets-440266548097?aff=ebdssbdestsearch,HeÃŸstraÃŸe 80 MÃ¼nchen
Assoprovider Assemblea Nazionale,No Date,https://www.eventbrite.it/e/biglietti-assoprovider-assemblea-nazionale-432683155967?aff=ebdssbdestsearch,Roma Eventi - Fontana di Trevi - Piazza della Pilotta 4 Roma
LEONARD COHEN IL POETA CHE CANTAVA LE DONNE,Sun Dec 17 09:00:00 CET 2022,https://www.eventbrite.it/e/biglietti-leonard-cohen-il-poeta-che-cantava-le-donne-425177095137?aff=ebdssbdestsearch,Sala Polivalente Centro Polifunzionale San Maurizio Erba
Aperitivo con degustazione siciliana e dj set in loft open space,No Date,https://www.eventbrite.it/e/biglietti-aperitivo-con-degustazione-siciliana-e-dj-set-in-loft-open-space-462507792257?aff=ebdssbdestsearch,55 Milano Milano
The Mind Body & Spirit Wellbeing Festival 2022  Day Tickets,Sun Nov 19 11:00:00 CET 2022,https://www.eventbrite.co.uk/e/the-mind-body-spirit-wellbeing-festival-2022-day-tickets-tickets-423284584587?aff=ebdssbdestsearch,St Raphael Resort Pyrgos
Money Empower! Dialogo contro la Violenza Economica,Thu Nov 23 07:30:00 CET 2022,https://www.eventbrite.it/e/biglietti-money-empower-dialogo-contro-la-violenza-economica-451896894777?aff=ebdssbdestsearch,Open Milano Milano
VISITA GUIDATA AL BOSCO DEL CASTELLO,Mon Nov 13 10:00:00 CET 2022,https://www.eventbrite.it/e/biglietti-visita-guidata-al-bosco-del-castello-429189436157?aff=ebdssbdestsearch,CASTELLO DI MALPAGA CAVERNAGO
AI Mobility Contest Final Pitch Event,Fri Nov 24 03:00:00 CET 2022,https://www.eventbrite.de/e/ai-mobility-contest-final-pitch-event-tickets-458206476907?aff=ebdssbdestsearch,Zentrum fÃ¼r erlebbare KÃ¼nstliche Intelligenz und Digitalisierung Berlin
Serata VR | Mono con Chiara Troisi,Thu Nov 16 06:30:00 CET 2022,https://www.eventbrite.it/e/biglietti-serata-vr-mono-con-chiara-troisi-450533707447?aff=ebdssbdestsearch,MEET Digital Culture Center Milano
