Title,Date,Link to event
Begin your Tai Chi journey: An introduction to essential Tai Chi skills,Sun Nov 13 17:00:00 CET 2022,https://www.eventbrite.com/e/begin-your-tai-chi-journey-an-introduction-to-essential-tai-chi-skills-tickets-121038039033?aff=ebdssbonlinesearch
"""Come Meet A Black Person"" Anti-Racism Virtual Series",Sun Nov 13 09:00:00 CET 2022,https://www.eventbrite.com/e/come-meet-a-black-person-anti-racism-virtual-series-tickets-112824362706?aff=ebdssbonlinesearch
Let's Talk... Conversations on Race Equity & Belonging,Thu Nov 10 11:00:00 CET 2022,https://www.eventbrite.com/e/lets-talk-conversations-on-race-equity-belonging-tickets-150564842497?aff=ebdssbonlinesearch
We The Medicine -  Healing Our Inner Child 2022. Guided Meditations,Sat Nov 12 19:00:00 CET 2022,https://www.eventbrite.co.uk/e/we-the-medicine-healing-our-inner-child-2022-guided-meditations-tickets-167676981365?aff=ebdssbonlinesearch
Career Fair: Exclusive Tech Hiring Event-New Tickets Available,Fri Nov 11 18:00:00 CET 2022,https://www.eventbrite.com/e/career-fair-exclusive-tech-hiring-event-new-tickets-available-tickets-63049080497?aff=ebdssbonlinesearch
DRAWING KUSAMA: DOTS DOODLES AND INFINITY,Mon Nov 14 07:30:00 CET 2022,https://www.eventbrite.co.uk/e/drawing-kusama-dots-doodles-and-infinity-tickets-404181256017?aff=ebdssbonlinesearch
* ONLINE DANCE PARTIES * FREE on ZOOM!,Fri Nov 11 16:00:00 CET 2022,https://www.eventbrite.ca/e/online-dance-parties-free-on-zoom-tickets-135436904427?aff=ebdssbonlinesearch
LOUISE BOURGEOIS: DOODLING AND THE UNCONSCIOUS,Thu Jan 19 07:30:00 CET 2023,https://www.eventbrite.co.uk/e/louise-bourgeois-doodling-and-the-unconscious-tickets-228267884387?aff=ebdssbonlinesearch
An Evening with Philippa Gregory,Wed Nov 16 08:30:00 CET 2022,https://www.eventbrite.co.uk/e/an-evening-with-philippa-gregory-tickets-415426781687?aff=ebdssbonlinesearch
Matisse Picasso and Modigliani - Modern Art at the Barnes - Livestream,Sun Nov 13 16:00:00 CET 2022,https://www.eventbrite.com/e/matisse-picasso-and-modigliani-modern-art-at-the-barnes-livestream-tickets-424663769767?aff=ebdssbonlinesearch
Travel Indoors! (Black Travel Summit Digital Sessions),Sun Jan 22 07:00:00 CET 2023,https://www.eventbrite.com/e/travel-indoors-black-travel-summit-digital-sessions-tickets-100734070316?aff=ebdssbonlinesearch
Joint Polar Satellite System 2 (JPSS-2),Thu Nov 10 10:25:00 CET 2022,https://www.eventbrite.com/e/joint-polar-satellite-system-2-jpss-2-tickets-416885334257?aff=ebdssbonlinesearch
How To Stop Overthinking - with Ethan Kross,Mon Nov 14 08:00:00 CET 2022,https://www.eventbrite.co.uk/e/how-to-stop-overthinking-with-ethan-kross-tickets-417062042797?aff=ebdssbonlinesearch
FACEBOOK MARKETING TRAINING:HOW TO SCALE BUSINESS,Thu Nov 10 19:00:00 CET 2022,https://www.eventbrite.com/e/facebook-marketing-traininghow-to-scale-business-tickets-245411992877?aff=ebdssbonlinesearch
Roald Dahl: Teller of the Unexpected,Wed Nov 23 08:30:00 CET 2022,https://www.eventbrite.co.uk/e/roald-dahl-teller-of-the-unexpected-tickets-400160670337?aff=ebdssbonlinesearch
How to Develop a Picture Book: From Idea to Final Manuscript,Wed Nov 09 09:00:00 CET 2022,https://www.eventbrite.co.uk/e/how-to-develop-a-picture-book-from-idea-to-final-manuscript-tickets-410425592997?aff=ebdssbonlinesearch
Diversity Equity & Inclusion Conversations  -  Everybody At The Table,Wed Nov 09 17:00:00 CET 2022,https://www.eventbrite.com/e/diversity-equity-inclusion-conversations-everybody-at-the-table-tickets-147353742009?aff=ebdssbonlinesearch
Coursera x Grow with Google - Career Certificates Learner Webinar,Thu Nov 10 11:00:00 CET 2022,https://www.eventbrite.ie/e/coursera-x-grow-with-google-career-certificates-learner-webinar-registration-250217426057?aff=ebdssbonlinesearch
Branching out of the Notebook: ML Application Development with GitHub,Wed Nov 09 18:00:00 CET 2022,https://www.eventbrite.com/e/branching-out-of-the-notebook-ml-application-development-with-github-tickets-444136322697?aff=ebdssbonlinesearch
Speak the Word: online open mic night,Sat Nov 26 07:00:00 CET 2022,https://www.eventbrite.co.uk/e/speak-the-word-online-open-mic-night-tickets-163067488247?aff=ebdssbonlinesearch
Modern Investor Summit,Tue Dec 06 02:00:00 CET 2022,https://www.eventbrite.co.uk/e/modern-investor-summit-tickets-377370775147?aff=ebdssbonlinesearch
HIJACKED: Understanding how Trauma Impacts the Brain and Body,Thu Nov 10 19:00:00 CET 2022,https://www.eventbrite.com/e/hijacked-understanding-how-trauma-impacts-the-brain-and-body-tickets-262218000097?aff=ebdssbonlinesearch
Study in the USA Webinar for Africa,Thu Nov 10 07:00:00 CET 2022,https://www.eventbrite.com/e/study-in-the-usa-webinar-for-africa-registration-439150138887?aff=ebdssbonlinesearch
The Wisdom of the Chakra System - Free 1Hr Webinar (RECORDING),Wed Nov 16 12:00:00 CET 2022,https://www.eventbrite.com/e/the-wisdom-of-the-chakra-system-free-1hr-webinar-recording-tickets-162813045201?aff=ebdssbonlinesearch
Lemongrass Chicken Cooking Class,Wed Nov 09 13:00:00 CET 2022,https://www.eventbrite.com/e/lemongrass-chicken-cooking-class-tickets-391835359107?aff=ebdssbonlinesearch
SocietyX : Gentle Yoga Flow,Sat Dec 03 17:30:00 CET 2022,https://www.eventbrite.com/e/societyx-gentle-yoga-flow-tickets-317054989007?aff=ebdssbonlinesearch
CND™ NAILATHON™ - CND™ SHELLAC™ For Everyone,Mon Nov 14 16:00:00 CET 2022,https://www.eventbrite.com/e/cndtm-nailathontm-cndtm-shellactm-for-everyone-tickets-429369013277?aff=ebdssbonlinesearch
Ian McEwan: Lessons,Wed Nov 09 09:00:00 CET 2022,https://www.eventbrite.co.uk/e/ian-mcewan-lessons-tickets-418823962747?aff=ebdssbonlinesearch
Free Life Drawing Online: Illustration Isolation,Thu Nov 10 13:00:00 CET 2022,https://www.eventbrite.com/e/free-life-drawing-online-illustration-isolation-tickets-122897913969?aff=ebdssbonlinesearch
Patti Smith: A Book of Days,Tue Nov 15 09:00:00 CET 2022,https://www.eventbrite.co.uk/e/patti-smith-a-book-of-days-tickets-444533400367?aff=ebdssbonlinesearch
Christmas is a lusty fellow: The Georgian Christmas,Wed Nov 30 08:30:00 CET 2022,https://www.eventbrite.co.uk/e/christmas-is-a-lusty-fellow-the-georgian-christmas-tickets-400164592067?aff=ebdssbonlinesearch
UX Research Skillshop,Fri Dec 09 16:00:00 CET 2022,https://www.eventbrite.com/e/ux-research-skillshop-tickets-428640474197?aff=ebdssbonlinesearch
The Midterms: What Happened — and Where Do We Go From Here?,Wed Nov 09 09:00:00 CET 2022,https://www.eventbrite.com/e/the-midterms-what-happened-and-where-do-we-go-from-here-tickets-444111107277?aff=ebdssbonlinesearch
A turbulent decade:  The 1970s in ten documents,Fri Nov 18 03:00:00 CET 2022,https://www.eventbrite.co.uk/e/a-turbulent-decade-the-1970s-in-ten-documents-tickets-400142335497?aff=ebdssbonlinesearch
Ecommerce Marketing  How we Built  $50 MILLION Ecommerce business in 1 year,Thu Nov 10 16:00:00 CET 2022,https://www.eventbrite.com/e/ecommerce-marketing-how-we-built-50-million-ecommerce-business-in-1-year-tickets-187621851007?aff=ebdssbonlinesearch
Study in the USA Webinar for Latin & Central America,Tue Nov 08 14:00:00 CET 2022,https://www.eventbrite.com/e/study-in-the-usa-webinar-for-latin-central-america-registration-449527778687?aff=ebdssbonlinesearch
The Ultimate Cold Prospecting Masterclass,Thu Nov 10 08:00:00 CET 2022,https://www.eventbrite.com/e/the-ultimate-cold-prospecting-masterclass-tickets-444050255267?aff=ebdssbonlinesearch
3 Brain Hacks for Manifestation - Free 1Hr Webinar,Wed Nov 16 13:00:00 CET 2022,https://www.eventbrite.com/e/3-brain-hacks-for-manifestation-free-1hr-webinar-tickets-224181862987?aff=ebdssbonlinesearch
Accelerated Cybersecurity Training Program,Tue Nov 08 18:00:00 CET 2022,https://www.eventbrite.ca/e/accelerated-cybersecurity-training-program-tickets-310046857497?aff=ebdssbonlinesearch
Christmas in Wartime,Fri Dec 02 03:00:00 CET 2022,https://www.eventbrite.co.uk/e/christmas-in-wartime-tickets-400726633147?aff=ebdssbonlinesearch
DIVERGENT MINDS: FEMALE NEURODIVERSITY IN ART & ART HISTORY,Mon Nov 28 07:30:00 CET 2022,https://www.eventbrite.co.uk/e/divergent-minds-female-neurodiversity-in-art-art-history-tickets-406356101037?aff=ebdssbonlinesearch
Feng Shui Monthly Energy Shift Workshop,Thu Dec 01 18:00:00 CET 2022,https://www.eventbrite.com/e/feng-shui-monthly-energy-shift-workshop-tickets-148941703645?aff=ebdssbonlinesearch
Elizabeth I: A tale of betrayal and deception with Tracy Borman,Wed Jan 25 08:30:00 CET 2023,https://www.eventbrite.co.uk/e/elizabeth-i-a-tale-of-betrayal-and-deception-with-tracy-borman-tickets-415445216827?aff=ebdssbonlinesearch
The Real History Behind The Woman King,Sun Nov 13 08:00:00 CET 2022,https://www.eventbrite.com/e/the-real-history-behind-the-woman-king-tickets-448666803487?aff=ebdssbonlinesearch
Black Family Business Networking Event,Fri Dec 02 13:00:00 CET 2022,https://www.eventbrite.com/e/black-family-business-networking-event-tickets-355076051027?aff=ebdssbonlinesearch
BEATRIX POTTER: Drawing Nature (3),Sat Nov 12 03:00:00 CET 2022,https://www.eventbrite.co.uk/e/beatrix-potter-drawing-nature-3-tickets-430134542997?aff=ebdssbonlinesearch
Mediaeval Buildings: Hidden Historic Houses,Wed Nov 23 08:00:00 CET 2022,https://www.eventbrite.co.uk/e/mediaeval-buildings-hidden-historic-houses-tickets-431615893757?aff=ebdssbonlinesearch
End to End MLOps Platform - Hands-on Workshop,Tue Nov 15 18:00:00 CET 2022,https://www.eventbrite.com/e/end-to-end-mlops-platform-hands-on-workshop-tickets-429346636347?aff=ebdssbonlinesearch
Person-Centred Therapy: A Contemporary Introduction - Mick Cooper,Sat Nov 12 11:00:00 CET 2022,https://www.eventbrite.co.uk/e/person-centred-therapy-a-contemporary-introduction-mick-cooper-tickets-403862372227?aff=ebdssbonlinesearch
SBA Certifications: 8(a) HUBZone and WOSB Informational Webinar,Wed Nov 16 18:30:00 CET 2022,https://www.eventbrite.com/e/sba-certifications-8a-hubzone-and-wosb-informational-webinar-tickets-37389043636?aff=ebdssbonlinesearch
Virtual Writing Hour with the National Portrait Gallery,Tue Dec 13 11:00:00 CET 2022,https://www.eventbrite.com/e/virtual-writing-hour-with-the-national-portrait-gallery-tickets-99411309904?aff=ebdssbonlinesearch
WorkSpace for Black Girls,Thu Nov 17 13:00:00 CET 2022,https://www.eventbrite.com/e/workspace-for-black-girls-tickets-250687351617?aff=ebdssbonlinesearch
Online SASHIKO - Japanese Mending Workshop,Wed Nov 09 08:00:00 CET 2022,https://www.eventbrite.co.uk/e/online-sashiko-japanese-mending-workshop-tickets-142081961973?aff=ebdssbonlinesearch
INSEAD Workshop: Venture Capital Business Angels and Starts Ups,Thu Nov 17 11:30:00 CET 2022,https://www.eventbrite.com/e/insead-workshop-venture-capital-business-angels-and-starts-ups-tickets-113712017706?aff=ebdssbonlinesearch
Fiorella Giordano & Justin Abraham: Mysterion,Fri Nov 18 22:00:00 CET 2022,https://www.eventbrite.com.au/e/fiorella-giordano-justin-abraham-mysterion-tickets-444494193097?aff=ebdssbonlinesearch
MASKING TAPE MYCOLOGY: Sculpting with Studio Funnel,Fri Nov 11 07:30:00 CET 2022,https://www.eventbrite.co.uk/e/masking-tape-mycology-sculpting-with-studio-funnel-tickets-440956622127?aff=ebdssbonlinesearch
Understanding Dissociation and Dissociative Disorders [Free Webinar],Tue Nov 15 19:00:00 CET 2022,https://www.eventbrite.com/e/understanding-dissociation-and-dissociative-disorders-free-webinar-tickets-427943379167?aff=ebdssbonlinesearch
Live Guided Meditation | hosted by Meditation Breaks,Wed Nov 09 14:30:00 CET 2022,https://www.eventbrite.com/e/live-guided-meditation-hosted-by-meditation-breaks-registration-100844504628?aff=ebdssbonlinesearch
No borders! No prisons! No cops! No war! No state?,Tue Nov 15 13:00:00 CET 2022,https://www.eventbrite.com/e/no-borders-no-prisons-no-cops-no-war-no-state-tickets-404721281247?aff=ebdssbonlinesearch
Restorative Sound Bath with Zee,Tue Nov 15 15:00:00 CET 2022,https://www.eventbrite.com/e/restorative-sound-bath-with-zee-tickets-234036749217?aff=ebdssbonlinesearch
Talking to Kids about Mental Health [Free Webinar],Mon Nov 28 19:00:00 CET 2022,https://www.eventbrite.com/e/talking-to-kids-about-mental-health-free-webinar-tickets-439565079987?aff=ebdssbonlinesearch
Virtual Open Mic Stand Up Comedy Show,Wed Nov 09 16:00:00 CET 2022,https://www.eventbrite.com/e/virtual-open-mic-stand-up-comedy-show-tickets-142268754675?aff=ebdssbonlinesearch
Every.Black Entrepreneur International Masterminds,Mon Nov 07 14:00:00 CET 2022,https://www.eventbrite.com/e/everyblack-entrepreneur-international-masterminds-registration-112624900108?aff=ebdssbonlinesearch
Abolish Mandatory Reporting and Family Policing,Thu Nov 10 13:00:00 CET 2022,https://www.eventbrite.com/e/abolish-mandatory-reporting-and-family-policing-tickets-404713869077?aff=ebdssbonlinesearch
IRS Virtual Info Session - Opportunities for Veterans and Military Spouses,Wed Nov 09 07:00:00 CET 2022,https://www.eventbrite.com/e/irs-virtual-info-session-opportunities-for-veterans-and-military-spouses-tickets-441639384287?aff=ebdssbonlinesearch
Discover The Scents of Narciso Rodriguez’,Wed Nov 09 07:00:00 CET 2022,https://www.eventbrite.co.uk/e/discover-the-scents-of-narciso-rodriguez-tickets-435574193137?aff=ebdssbonlinesearch
Sunday Sound Bath,Sun Nov 13 19:30:00 CET 2022,https://www.eventbrite.com/e/sunday-sound-bath-tickets-295542374197?aff=ebdssbonlinesearch
Breathwork & Meditation for a Good Nights Sleep,Tue Nov 08 13:30:00 CET 2022,https://www.eventbrite.com/e/breathwork-meditation-for-a-good-nights-sleep-tickets-128274108311?aff=ebdssbonlinesearch
FREE Virtual Cooking Class:  Nightcap: 4 Drinks you Need to Serve,Thu Nov 10 13:00:00 CET 2022,https://www.eventbrite.com/e/free-virtual-cooking-class-nightcap-4-drinks-you-need-to-serve-tickets-444331155447?aff=ebdssbonlinesearch
Paint with Gayle and Jennifer - Holiday Cards!,Sun Dec 04 07:00:00 CET 2022,https://www.eventbrite.com/e/paint-with-gayle-and-jennifer-holiday-cards-tickets-449808167337?aff=ebdssbonlinesearch
Good For Your Soul: A Cooking Show,Thu Nov 10 12:00:00 CET 2022,https://www.eventbrite.com/e/good-for-your-soul-a-cooking-show-tickets-106149169022?aff=ebdssbonlinesearch
Vagus Nerve Exercise for Stress and Anxiety Relief and more! (RECORDING),Wed Nov 16 12:00:00 CET 2022,https://www.eventbrite.com/e/vagus-nerve-exercise-for-stress-and-anxiety-relief-and-more-recording-tickets-404386148857?aff=ebdssbonlinesearch
KILOGARM ONLINE KILO STORE BLACK FRIDAY DROP,Fri Nov 18 07:00:00 CET 2022,https://www.eventbrite.ie/e/kilogarm-online-kilo-store-black-friday-drop-tickets-445235169377?aff=ebdssbonlinesearch
The Walrus Talks at Home: Veteran Identities,Wed Nov 09 13:00:00 CET 2022,https://www.eventbrite.ca/e/the-walrus-talks-at-home-veteran-identities-registration-400301641987?aff=ebdssbonlinesearch
Understanding Hoarding [Free Webinar],Mon Nov 21 19:00:00 CET 2022,https://www.eventbrite.com/e/understanding-hoarding-free-webinar-tickets-431689684467?aff=ebdssbonlinesearch
The Unknown Kerouac,Mon Nov 14 12:00:00 CET 2022,https://www.eventbrite.com/e/the-unknown-kerouac-registration-457075484077?aff=ebdssbonlinesearch
The European Startup Conference 2022,Wed Dec 07 06:00:00 CET 2022,https://www.eventbrite.ie/e/the-european-startup-conference-2022-tickets-319025964247?aff=ebdssbonlinesearch
Mindfulness in a World on Fire (Digital Ticket),Sun Nov 13 07:00:00 CET 2022,https://www.eventbrite.com/e/mindfulness-in-a-world-on-fire-digital-ticket-tickets-421868649487?aff=ebdssbonlinesearch
A year in Westminster with John Crace and Marina Hyde,Wed Dec 07 08:00:00 CET 2022,https://www.eventbrite.co.uk/e/a-year-in-westminster-with-john-crace-and-marina-hyde-tickets-443224585667?aff=ebdssbonlinesearch
Neurodiversity -  Masterclass Series,Thu Nov 24 06:00:00 CET 2022,https://www.eventbrite.ie/e/neurodiversity-masterclass-series-tickets-140051587067?aff=ebdssbonlinesearch
"Parent Seminar ""What About the Children?"" Zoom Event",Wed Nov 09 10:00:00 CET 2022,https://www.eventbrite.com/e/parent-seminar-what-about-the-children-zoom-event-registration-151843968397?aff=ebdssbonlinesearch
Product Career Fair by Product School,Wed Dec 14 18:00:00 CET 2022,https://www.eventbrite.com/e/product-career-fair-by-product-school-tickets-311693322117?aff=ebdssbonlinesearch
Book Club with Neil Gaiman: The Sandman,Mon Dec 05 09:00:00 CET 2022,https://www.eventbrite.co.uk/e/book-club-with-neil-gaiman-the-sandman-tickets-451618742817?aff=ebdssbonlinesearch
The Neuroscience of stress and wellness series by Dr Safia Debar 2022,Mon Nov 07 08:00:00 CET 2022,https://www.eventbrite.co.uk/e/the-neuroscience-of-stress-and-wellness-series-by-dr-safia-debar-2022-tickets-211055471597?aff=ebdssbonlinesearch
*Music of the Millennium* Top Hits of Today and the Last 22 Years - on Zoom,Fri Nov 18 16:00:00 CET 2022,https://www.eventbrite.ca/e/music-of-the-millennium-top-hits-of-today-and-the-last-22-years-on-zoom-tickets-422017063397?aff=ebdssbonlinesearch
HOW TO ADU (Accessory Dwelling Unit) DESIGN. FINANCE. CONSTRUCT. LEASE. PRO,Wed Nov 09 15:00:00 CET 2022,https://www.eventbrite.com/e/how-to-adu-accessory-dwelling-unit-design-finance-construct-lease-pro-tickets-81398708729?aff=ebdssbonlinesearch
Barista or Bartender: Why Choose? Espresso and Spirits Class,Wed Nov 09 19:00:00 CET 2022,https://www.eventbrite.com/e/barista-or-bartender-why-choose-espresso-and-spirits-class-tickets-391800153807?aff=ebdssbonlinesearch
The Mads Are Back: THE DEVIL BAT | Live riffing with MST3K's The Mads,Tue Nov 08 14:00:00 CET 2022,https://www.eventbrite.com/e/the-mads-are-back-the-devil-bat-live-riffing-with-mst3ks-the-mads-tickets-439970953967?aff=ebdssbonlinesearch
Ancient Philosophy for Modern Leadership,Sat Dec 03 18:00:00 CET 2022,https://www.eventbrite.ca/e/ancient-philosophy-for-modern-leadership-tickets-408970831767?aff=ebdssbonlinesearch
Cleveland Public Library Writers & Readers: Nikole Hannah-Jones,Sat Nov 19 18:00:00 CET 2022,https://www.eventbrite.com/e/cleveland-public-library-writers-readers-nikole-hannah-jones-tickets-212566009657?aff=ebdssbonlinesearch
U.S. Fascism: Origins Patterns and Continuities,Fri Nov 11 13:00:00 CET 2022,https://www.eventbrite.com/e/us-fascism-origins-patterns-and-continuities-tickets-415978501897?aff=ebdssbonlinesearch
WOMAN AS SYMBOL: DECODING  ARCHETYPES AND EMBODIED IDEALS,Mon Dec 05 07:30:00 CET 2022,https://www.eventbrite.co.uk/e/woman-as-symbol-decoding-archetypes-and-embodied-ideals-tickets-410522262137?aff=ebdssbonlinesearch
The Art of Decision Making: A Free Holistic Wellness Webinar (RECORDING),Wed Nov 16 12:00:00 CET 2022,https://www.eventbrite.com/e/the-art-of-decision-making-a-free-holistic-wellness-webinar-recording-tickets-219945832907?aff=ebdssbonlinesearch
Jo Malone London Virtual Paper Snowflake Workshop,Wed Nov 16 07:00:00 CET 2022,https://www.eventbrite.co.uk/e/jo-malone-london-virtual-paper-snowflake-workshop-tickets-428521307767?aff=ebdssbonlinesearch
10 Secrets to Great Communication in Leadership - LIVE Virtual Workshop,Wed Nov 09 01:00:00 CET 2022,https://www.eventbrite.com.au/e/10-secrets-to-great-communication-in-leadership-live-virtual-workshop-tickets-162998237115?aff=ebdssbonlinesearch
The Art of Feeling: Abstract Expression Art Workshop,Sat Nov 19 17:00:00 CET 2022,https://www.eventbrite.com/e/the-art-of-feeling-abstract-expression-art-workshop-tickets-262701837267?aff=ebdssbonlinesearch
Emotional Attachments in Relationships [Free Webinar],Mon Nov 14 19:00:00 CET 2022,https://www.eventbrite.com/e/emotional-attachments-in-relationships-free-webinar-tickets-427933900817?aff=ebdssbonlinesearch
Mental Health & Mental Illness: What’s the Difference?  [Free Webinar],Thu Nov 10 19:00:00 CET 2022,https://www.eventbrite.com/e/mental-health-mental-illness-whats-the-difference-free-webinar-tickets-423351464627?aff=ebdssbonlinesearch
Speak the Word: online poetry writing workshop,Sat Nov 19 07:00:00 CET 2022,https://www.eventbrite.co.uk/e/speak-the-word-online-poetry-writing-workshop-tickets-149889161517?aff=ebdssbonlinesearch
Mental Health Online: Addiction Awareness,Thu Nov 10 11:00:00 CET 2022,https://www.eventbrite.co.uk/e/mental-health-online-addiction-awareness-tickets-216905559367?aff=ebdssbonlinesearch
WOMAN IMPACT SUMMIT 2022,Mon Nov 07 06:00:00 CET 2022,https://www.eventbrite.com/e/woman-impact-summit-2022-tickets-428584928057?aff=ebdssbonlinesearch
BUSINESS OF DESIGN: Storytelling: the art of communications in the built environment,Thu Nov 10 06:00:00 CET 2022,https://www.eventbrite.es/e/business-of-design-storytelling-the-art-of-communications-in-the-built-environment-tickets-433428425087?aff=ebdssbonlinesearch
Van Gogh and Impressionism at the Metropolitan Museum of Art - Livestream,Sat Nov 26 14:00:00 CET 2022,https://www.eventbrite.com/e/van-gogh-and-impressionism-at-the-metropolitan-museum-of-art-livestream-tickets-445630050477?aff=ebdssbonlinesearch
Virtual Zumba®,Wed Nov 09 12:00:00 CET 2022,https://www.eventbrite.com/e/virtual-zumba-registration-227841589327?aff=ebdssbonlinesearch
LIVE Walk The Astronomy of Machu Picchu the lost city of the Incas,Fri Nov 11 08:00:00 CET 2022,https://www.eventbrite.com/e/live-walk-the-astronomy-of-machu-picchu-the-lost-city-of-the-incas-tickets-442980365197?aff=ebdssbonlinesearch
From Land Acknowledgement to Land Back! (for people of the global majority),Sat Nov 12 18:00:00 CET 2022,https://www.eventbrite.com/e/from-land-acknowledgement-to-land-back-for-people-of-the-global-majority-tickets-399802358617?aff=ebdssbonlinesearch
Virtual Freedom of Information Act Litigation Seminar,Wed Nov 09 16:00:00 CET 2022,https://www.eventbrite.com/e/virtual-freedom-of-information-act-litigation-seminar-tickets-407433443397?aff=ebdssbonlinesearch
Data Collection Analysis and Reporting for M&E using KoboToolbox and Excel,Sat Dec 03 06:00:00 CET 2022,https://www.eventbrite.com/e/data-collection-analysis-and-reporting-for-me-using-kobotoolbox-and-excel-tickets-409517657337?aff=ebdssbonlinesearch
How to Draw Buildings!,Wed Nov 23 08:00:00 CET 2022,https://www.eventbrite.co.uk/e/how-to-draw-buildings-tickets-432499566847?aff=ebdssbonlinesearch
Cop27: How can we save humanity from climate catastrophe?,Wed Nov 09 09:00:00 CET 2022,https://www.eventbrite.co.uk/e/cop27-how-can-we-save-humanity-from-climate-catastrophe-tickets-425311507167?aff=ebdssbonlinesearch
How Childhood and Elderhood Shape Intelligence and Learning,Thu Nov 17 10:00:00 CET 2022,https://www.eventbrite.com/e/how-childhood-and-elderhood-shape-intelligence-and-learning-tickets-419865387677?aff=ebdssbonlinesearch
Working with Work Anxiety,Wed Nov 16 19:00:00 CET 2022,https://www.eventbrite.com/e/working-with-work-anxiety-tickets-416035442207?aff=ebdssbonlinesearch
Live Q&A Session with Indi Young,Mon Dec 05 12:00:00 CET 2022,https://www.eventbrite.com/e/live-qa-session-with-indi-young-tickets-428918415527?aff=ebdssbonlinesearch
Interview Skills Workshop for Candidates by Atlassian,Tue Nov 22 02:00:00 CET 2022,https://www.eventbrite.com/e/interview-skills-workshop-for-candidates-by-atlassian-tickets-115015713094?aff=ebdssbonlinesearch
The Joan Pye Roman Britain lecture: The end of the Ninth Legion in Britain,Wed Nov 16 08:00:00 CET 2022,https://www.eventbrite.co.uk/e/the-joan-pye-roman-britain-lecture-the-end-of-the-ninth-legion-in-britain-tickets-427842998927?aff=ebdssbonlinesearch
UXRS  World Usability Day Networking Extravaganza,Thu Nov 10 12:00:00 CET 2022,https://www.eventbrite.com/e/uxrs-world-usability-day-networking-extravaganza-tickets-454005230867?aff=ebdssbonlinesearch
Indigenous Foods Class series - Wild Rice and Hazelnuts,Tue Nov 15 13:00:00 CET 2022,https://www.eventbrite.com/e/indigenous-foods-class-series-wild-rice-and-hazelnuts-tickets-400851476557?aff=ebdssbonlinesearch
SBA Federal Small Business Certifications Workshop WEBINAR,Wed Dec 07 17:00:00 CET 2022,https://www.eventbrite.com/e/sba-federal-small-business-certifications-workshop-webinar-tickets-429288412197?aff=ebdssbonlinesearch
SECRETS OF SEEING: Pattern,Sat Nov 19 03:00:00 CET 2022,https://www.eventbrite.co.uk/e/secrets-of-seeing-pattern-tickets-416956998607?aff=ebdssbonlinesearch
Online Memory Masterclass On How to Unlock Your Brain’s Potential,Wed Nov 09 07:00:00 CET 2022,https://www.eventbrite.co.uk/e/online-memory-masterclass-on-how-to-unlock-your-brains-potential-tickets-339636230107?aff=ebdssbonlinesearch
Decentralized Dance Party!,Sat Dec 24 14:00:00 CET 2022,https://www.eventbrite.ca/e/decentralized-dance-party-tickets-103023213204?aff=ebdssbonlinesearch
Rock-N-Roll 1965-1973: Vietnam War-Woodstock Era - Music History Livestream,Sat Nov 12 14:00:00 CET 2022,https://www.eventbrite.com/e/rock-n-roll-1965-1973-vietnam-war-woodstock-era-music-history-livestream-tickets-449851707567?aff=ebdssbonlinesearch
Autism and Neurodevelopmental Therapy,Mon Nov 14 09:00:00 CET 2022,https://www.eventbrite.co.uk/e/autism-and-neurodevelopmental-therapy-tickets-401172968147?aff=ebdssbonlinesearch
Men’s mental health: Cultivating empathetic leadership,Thu Nov 10 07:00:00 CET 2022,https://www.eventbrite.com/e/mens-mental-health-cultivating-empathetic-leadership-tickets-398936107637?aff=ebdssbonlinesearch
LIVE Walk in London,Mon Nov 14 17:00:00 CET 2022,https://www.eventbrite.com/e/live-walk-in-london-tickets-443505646327?aff=ebdssbonlinesearch
DFD's Education & Training Series: Opioid Overdose & Narcan Administration,Thu Dec 15 18:00:00 CET 2022,https://www.eventbrite.com/e/dfds-education-training-series-opioid-overdose-narcan-administration-registration-120427304309?aff=ebdssbonlinesearch
COMET InSAR Training Workshop 2022 (online),Wed Nov 16 02:00:00 CET 2022,https://www.eventbrite.co.uk/e/comet-insar-training-workshop-2022-online-tickets-423180232467?aff=ebdssbonlinesearch
Understanding Autism with Dr. Burgess,Thu Jan 05 14:30:00 CET 2023,https://www.eventbrite.com/e/understanding-autism-with-dr-burgess-tickets-205673614317?aff=ebdssbonlinesearch
Global Prophetic Summit 2022 Livestream,Thu Nov 10 14:00:00 CET 2022,https://www.eventbrite.com/e/global-prophetic-summit-2022-livestream-tickets-394497220807?aff=ebdssbonlinesearch
NASA's SpaceX 26th Commercial Resupply Mission Launch,No Date,https://www.eventbrite.com/e/nasas-spacex-26th-commercial-resupply-mission-launch-registration-439651448317?aff=ebdssbonlinesearch
Winter Waders: a beginner's introduction to our special visiting birds,Thu Nov 10 07:00:00 CET 2022,https://www.eventbrite.co.uk/e/winter-waders-a-beginners-introduction-to-our-special-visiting-birds-tickets-449358743097?aff=ebdssbonlinesearch
FREE Religion vs Spirituality Taught by Billy Carson,Sun Dec 11 09:00:00 CET 2022,https://www.eventbrite.com/e/free-religion-vs-spirituality-taught-by-billy-carson-tickets-240056063147?aff=ebdssbonlinesearch
You Don't Usually Hear This About Chakras,Wed Nov 16 12:00:00 CET 2022,https://www.eventbrite.com/e/you-dont-usually-hear-this-about-chakras-tickets-308946355867?aff=ebdssbonlinesearch
LEVEL 1: IN WHAT WAYS DO WE DISCRIMINATE? DISCRIMINATION INCLUSION PROFILES,Thu Dec 01 08:00:00 CET 2022,https://www.eventbrite.co.uk/e/level-1-in-what-ways-do-we-discriminate-discrimination-inclusion-profiles-tickets-389946078217?aff=ebdssbonlinesearch
How to buy property like a Pro,Tue Nov 08 02:30:00 CET 2022,https://www.eventbrite.com.au/e/how-to-buy-property-like-a-pro-tickets-394839845607?aff=ebdssbonlinesearch
Demystifying Accessibility & Inclusion through Personas,Wed Nov 16 05:00:00 CET 2022,https://www.eventbrite.com/e/demystifying-accessibility-inclusion-through-personas-registration-444619166897?aff=ebdssbonlinesearch
The 5 Benefits Of Carl Rogers’ Nineteen Propositions - Jonno Ward,Sun Nov 13 11:00:00 CET 2022,https://www.eventbrite.co.uk/e/the-5-benefits-of-carl-rogers-nineteen-propositions-jonno-ward-tickets-416973828947?aff=ebdssbonlinesearch
Understanding SGB in the Treatment of Trauma,Mon Nov 07 09:00:00 CET 2022,https://www.eventbrite.com/e/understanding-sgb-in-the-treatment-of-trauma-tickets-420735520267?aff=ebdssbonlinesearch
*Dancehall Reggae Latin Music & Afrobeats*  Dance Party - Free on Zoom!,Fri Nov 25 16:00:00 CET 2022,https://www.eventbrite.ca/e/dancehall-reggae-latin-music-afrobeats-dance-party-free-on-zoom-tickets-409469473217?aff=ebdssbonlinesearch
Real Estate Business Masterclass:How to become a 7 Figure Real Estate Agent,Thu Nov 10 16:00:00 CET 2022,https://www.eventbrite.com/e/real-estate-business-masterclasshow-to-become-a-7-figure-real-estate-agent-tickets-272234088487?aff=ebdssbonlinesearch
What’s for Dessert? Pumpkin Gingerbread! with Claire Saffitz,Tue Nov 22 12:00:00 CET 2022,https://www.eventbrite.com/e/whats-for-dessert-pumpkin-gingerbread-with-claire-saffitz-tickets-412480398977?aff=ebdssbonlinesearch
Kids Do Well If They Can,Tue Nov 15 15:00:00 CET 2022,https://www.eventbrite.com/e/kids-do-well-if-they-can-tickets-438272584097?aff=ebdssbonlinesearch
How to get into the Games Industry 2022; advice from industry experts,Tue Nov 15 05:00:00 CET 2022,https://www.eventbrite.co.uk/e/how-to-get-into-the-games-industry-2022-advice-from-industry-experts-tickets-418718527387?aff=ebdssbonlinesearch
How to diversify your writing career with Julie Margaret Hogben,Thu Nov 10 10:00:00 CET 2022,https://www.eventbrite.com/e/how-to-diversify-your-writing-career-with-julie-margaret-hogben-tickets-444672496407?aff=ebdssbonlinesearch
Election Post-Mortem & Russia's War/ Putin's Future,Wed Nov 09 14:00:00 CET 2022,https://www.eventbrite.com/e/election-post-mortem-russias-war-putins-future-tickets-431514590757?aff=ebdssbonlinesearch
Positive parent and carer partnerships with schools,Mon Nov 07 09:00:00 CET 2022,https://www.eventbrite.co.uk/e/positive-parent-and-carer-partnerships-with-schools-tickets-401165114657?aff=ebdssbonlinesearch
Online Free Cyber Security Training and Classes,Tue Nov 08 11:00:00 CET 2022,https://www.eventbrite.com/e/online-free-cyber-security-training-and-classes-tickets-310960660707?aff=ebdssbonlinesearch
Crystal Sound Bath & Astrology,Fri Nov 11 16:00:00 CET 2022,https://www.eventbrite.com/e/crystal-sound-bath-astrology-tickets-46418852036?aff=ebdssbonlinesearch
YOKO ONO: WE MUST STILL IMAGINE PEACE,Mon Nov 21 07:30:00 CET 2022,https://www.eventbrite.co.uk/e/yoko-ono-we-must-still-imagine-peace-tickets-406350434087?aff=ebdssbonlinesearch
Employment Law Update,Wed Nov 09 09:30:00 CET 2022,https://www.eventbrite.co.uk/e/employment-law-update-tickets-395764531367?aff=ebdssbonlinesearch
LISTENING TO THE SIBYL: AGENCY PROPHECY AND THE FEMALE VOICE,Mon Nov 07 07:30:00 CET 2022,https://www.eventbrite.co.uk/e/listening-to-the-sibyl-agency-prophecy-and-the-female-voice-tickets-406335750167?aff=ebdssbonlinesearch
Business of Race: Learning Community,Thu Dec 01 18:00:00 CET 2022,https://www.eventbrite.com/e/business-of-race-learning-community-tickets-316532686787?aff=ebdssbonlinesearch
The Joy of Chocolate with Paul Young,Sun Nov 13 07:00:00 CET 2022,https://www.eventbrite.com/e/the-joy-of-chocolate-with-paul-young-tickets-407112112287?aff=ebdssbonlinesearch
Natural Materials Masterclass: UK Timber!,Mon Nov 07 08:00:00 CET 2022,https://www.eventbrite.co.uk/e/natural-materials-masterclass-uk-timber-tickets-443689736947?aff=ebdssbonlinesearch
Inside the Making of the New World War I Memorial,Thu Nov 10 13:00:00 CET 2022,https://www.eventbrite.com/e/inside-the-making-of-the-new-world-war-i-memorial-tickets-425077848287?aff=ebdssbonlinesearch
Customer Services Group - Administrative Officer Recruitment Event 1,Mon Nov 07 07:00:00 CET 2022,https://www.eventbrite.co.uk/e/customer-services-group-administrative-officer-recruitment-event-1-tickets-432556557307?aff=ebdssbonlinesearch
Anti-Racist Educators Collaborative Group,Wed Nov 30 13:30:00 CET 2022,https://www.eventbrite.com/e/anti-racist-educators-collaborative-group-tickets-111844822876?aff=ebdssbonlinesearch
Remembering Britain's Black Servicemen and Servicewomen,Fri Nov 11 07:30:00 CET 2022,https://www.eventbrite.co.uk/e/remembering-britains-black-servicemen-and-servicewomen-tickets-405110896597?aff=ebdssbonlinesearch
Working with children and young people; A non-medicalised perspective.,Thu Nov 17 11:00:00 CET 2022,https://www.eventbrite.co.uk/e/working-with-children-and-young-people-a-non-medicalised-perspective-tickets-417316202997?aff=ebdssbonlinesearch
Webinar Series with Waubgeshig Rice,Tue Nov 15 13:00:00 CET 2022,https://www.eventbrite.ca/e/webinar-series-with-waubgeshig-rice-tickets-405406290127?aff=ebdssbonlinesearch
FREE  Women's Energy Healing - Online Event,Wed Nov 16 07:00:00 CET 2022,https://www.eventbrite.co.uk/e/free-womens-energy-healing-online-event-tickets-186541278987?aff=ebdssbonlinesearch
Theater of War: Philoctetes DAV,Wed Nov 09 13:00:00 CET 2022,https://www.eventbrite.com/e/theater-of-war-philoctetes-dav-tickets-444663389167?aff=ebdssbonlinesearch
Alfred Hitchcock's London - a virtual tour,Sun Nov 20 08:00:00 CET 2022,https://www.eventbrite.co.uk/e/alfred-hitchcocks-london-a-virtual-tour-tickets-114197200902?aff=ebdssbonlinesearch
B&N Virtually Presents: Jennifer L. Armentrout talks A LIGHT IN THE FLAME,Tue Nov 15 13:00:00 CET 2022,https://www.eventbrite.com/e/bn-virtually-presents-jennifer-l-armentrout-talks-a-light-in-the-flame-tickets-380498149207?aff=ebdssbonlinesearch
The Secret to 9 Long Lives:  Extending the Health-span of Our Cats,Tue Nov 15 12:00:00 CET 2022,https://www.eventbrite.com/e/the-secret-to-9-long-lives-extending-the-health-span-of-our-cats-tickets-444294024387?aff=ebdssbonlinesearch
How to Maximize LinkedIn Virtual Summit,Wed Nov 09 07:00:00 CET 2022,https://www.eventbrite.com/e/how-to-maximize-linkedin-virtual-summit-tickets-453389780037?aff=ebdssbonlinesearch
Understanding Agoraphobia [Free Webinar],Wed Nov 09 19:00:00 CET 2022,https://www.eventbrite.com/e/understanding-agoraphobia-free-webinar-tickets-423312708707?aff=ebdssbonlinesearch
The cost-of-living crisis financial wellbeing and our mental health,Tue Nov 22 13:00:00 CET 2022,https://www.eventbrite.co.uk/e/the-cost-of-living-crisis-financial-wellbeing-and-our-mental-health-tickets-417820711997?aff=ebdssbonlinesearch
Preventing Suicide and Homicide Among Black Men and Boys,Tue Nov 15 19:00:00 CET 2022,https://www.eventbrite.com/e/preventing-suicide-and-homicide-among-black-men-and-boys-tickets-428171391157?aff=ebdssbonlinesearch
Spiritual Life Writing,Wed Nov 16 13:00:00 CET 2022,https://www.eventbrite.ca/e/spiritual-life-writing-registration-132590815699?aff=ebdssbonlinesearch
Introduction to Java &  Beginner Friendly Course,Tue Dec 06 07:00:00 CET 2022,https://www.eventbrite.com/e/introduction-to-java-beginner-friendly-course-tickets-237739133147?aff=ebdssbonlinesearch
Caribbean Couture the tapestry of identity in the diaspora,Wed Nov 30 08:00:00 CET 2022,https://www.eventbrite.co.uk/e/caribbean-couture-the-tapestry-of-identity-in-the-diaspora-tickets-356302348917?aff=ebdssbonlinesearch
FEMINISM AND AFROFUTURISM: A new Black Identity,Mon Dec 12 07:30:00 CET 2022,https://www.eventbrite.co.uk/e/feminism-and-afrofuturism-a-new-black-identity-tickets-410552201687?aff=ebdssbonlinesearch
Core 4: Impact of Domestic Abuse on Children,Thu Nov 24 03:00:00 CET 2022,https://www.eventbrite.co.uk/e/core-4-impact-of-domestic-abuse-on-children-tickets-111934910330?aff=ebdssbonlinesearch
Digital Marketing Europe 2023 Conference / Online /  Free Ticket,Tue Mar 28 09:00:00 CEST 2023,https://www.eventbrite.com/e/digital-marketing-europe-2023-conference-online-free-ticket-tickets-403381082677?aff=ebdssbonlinesearch
Tantra Yoga: Understanding TANTRA beyond Sex,Tue Nov 15 06:00:00 CET 2022,https://www.eventbrite.com/e/tantra-yoga-understanding-tantra-beyond-sex-tickets-413249459257?aff=ebdssbonlinesearch
What's New in Infant Sleep Safety?,Thu Nov 10 13:30:00 CET 2022,https://www.eventbrite.co.uk/e/whats-new-in-infant-sleep-safety-tickets-438884564547?aff=ebdssbonlinesearch
SocietyX : Pain to Purpose Poetry Class,Sat Dec 03 12:00:00 CET 2022,https://www.eventbrite.com/e/societyx-pain-to-purpose-poetry-class-tickets-275015758537?aff=ebdssbonlinesearch
Social Media for Your Business,Tue Nov 22 16:00:00 CET 2022,https://www.eventbrite.ca/e/social-media-for-your-business-tickets-217171855867?aff=ebdssbonlinesearch
Canva Live | Using animations and transitions in video editing,Tue Nov 08 00:00:00 CET 2022,https://www.eventbrite.com/e/canva-live-using-animations-and-transitions-in-video-editing-tickets-445584153197?aff=ebdssbonlinesearch
Climate Law and Governance Day 2022,No Date,https://www.eventbrite.ca/e/climate-law-and-governance-day-2022-tickets-437203175467?aff=ebdssbonlinesearch
Communication Do’s & Don’ts [Free Webinar],Wed Nov 23 19:00:00 CET 2022,https://www.eventbrite.com/e/communication-dos-donts-free-webinar-tickets-431717136577?aff=ebdssbonlinesearch
Black Girls Global Tech Summit,Wed Nov 16 04:00:00 CET 2022,https://www.eventbrite.co.uk/e/black-girls-global-tech-summit-tickets-399449974627?aff=ebdssbonlinesearch
Do More with Your Data and Your Day | Webinar,Wed Nov 30 18:00:00 CET 2022,https://www.eventbrite.com/e/do-more-with-your-data-and-your-day-webinar-tickets-439062948097?aff=ebdssbonlinesearch
The Future of Islamic Art & Culture Digital Festival,Mon Nov 28 11:30:00 CET 2022,https://www.eventbrite.com/e/the-future-of-islamic-art-culture-digital-festival-tickets-419653764707?aff=ebdssbonlinesearch
DRAWING CHAOS! BOSCH BESTIARIES AND EARTHLY DELIGHTS,Thu Dec 08 07:30:00 CET 2022,https://www.eventbrite.co.uk/e/drawing-chaos-bosch-bestiaries-and-earthly-delights-tickets-404199410317?aff=ebdssbonlinesearch
Citizens Advice November Cost of Living Briefing,Fri Nov 11 12:15:00 CET 2022,https://www.eventbrite.co.uk/e/citizens-advice-november-cost-of-living-briefing-tickets-433538544457?aff=ebdssbonlinesearch
No-Fear Puff Pastry with King Arthur Baking Co.,Thu Nov 10 12:00:00 CET 2022,https://www.eventbrite.com/e/no-fear-puff-pastry-with-king-arthur-baking-co-tickets-404676818257?aff=ebdssbonlinesearch
WIN with a Financial Growth Strategy -- Personal Credit vs. Business Credit,Thu Nov 10 16:00:00 CET 2022,https://www.eventbrite.com/e/win-with-a-financial-growth-strategy-personal-credit-vs-business-credit-tickets-424608775277?aff=ebdssbonlinesearch
Teaching Chronology and Ensuring Progression,Tue Nov 08 06:45:00 CET 2022,https://www.eventbrite.co.uk/e/teaching-chronology-and-ensuring-progression-tickets-430340408747?aff=ebdssbonlinesearch
Persepolis: the capital of the Persian Empire,Mon Nov 07 08:00:00 CET 2022,https://www.eventbrite.com/e/persepolis-the-capital-of-the-persian-empire-tickets-441083290997?aff=ebdssbonlinesearch
Online DARNING - Visible Mending Workshop,Wed Nov 16 08:00:00 CET 2022,https://www.eventbrite.co.uk/e/online-darning-visible-mending-workshop-tickets-143427386173?aff=ebdssbonlinesearch
The Only Two Thanksgiving Sides You Need with Matt Card,Wed Nov 09 12:00:00 CET 2022,https://www.eventbrite.com/e/the-only-two-thanksgiving-sides-you-need-with-matt-card-tickets-412916543497?aff=ebdssbonlinesearch
The Miracle of Salt with Naomi Duguid,Tue Nov 15 12:00:00 CET 2022,https://www.eventbrite.com/e/the-miracle-of-salt-with-naomi-duguid-tickets-402975108397?aff=ebdssbonlinesearch
Sonder Social: Connection Journal Prompts & My Favorites,Wed Nov 09 13:30:00 CET 2022,https://www.eventbrite.com/e/sonder-social-connection-journal-prompts-my-favorites-tickets-442484702657?aff=ebdssbonlinesearch
Why Can’t I Just Stop? Understanding OCD in Children and Adolescents [Free],Mon Dec 05 19:00:00 CET 2022,https://www.eventbrite.com/e/why-cant-i-just-stop-understanding-ocd-in-children-and-adolescents-free-tickets-443317473497?aff=ebdssbonlinesearch
Climate Law and Governance Specialisation Course,No Date,https://www.eventbrite.ca/e/climate-law-and-governance-specialisation-course-tickets-437213957717?aff=ebdssbonlinesearch
Economic inequality: an ongoing debate,Thu Nov 10 05:00:00 CET 2022,https://www.eventbrite.es/e/economic-inequality-an-ongoing-debate-tickets-439706683527?aff=ebdssbonlinesearch
DEMOCRACY on the BRINK: American Voted What Does it Mean?,Tue Nov 15 14:00:00 CET 2022,https://www.eventbrite.com/e/democracy-on-the-brink-american-voted-what-does-it-mean-tickets-430724878707?aff=ebdssbonlinesearch
The Ultimate Guide to the Common App,Tue Nov 08 14:00:00 CET 2022,https://www.eventbrite.com/e/the-ultimate-guide-to-the-common-app-tickets-441923654547?aff=ebdssbonlinesearch
The Art of Paper Folding - Heygo Origami Club,Sun Nov 20 02:00:00 CET 2022,https://www.eventbrite.co.uk/e/the-art-of-paper-folding-heygo-origami-club-tickets-226217511667?aff=ebdssbonlinesearch
Session Three: 15 Minute Makeup Masterclass  Series-No Makeup Makeup Look!,Tue Nov 15 15:00:00 CET 2022,https://www.eventbrite.com/e/session-three-15-minute-makeup-masterclass-series-no-makeup-makeup-look-tickets-440614950177?aff=ebdssbonlinesearch
Menopause - Medical and Physiotherapy Management of Symptoms,Mon Nov 07 07:30:00 CET 2022,https://www.eventbrite.co.uk/e/menopause-medical-and-physiotherapy-management-of-symptoms-tickets-441586526187?aff=ebdssbonlinesearch
The Collective: Telling the Stories of Women of Color,Thu Dec 01 08:00:00 CET 2022,https://www.eventbrite.com/e/the-collective-telling-the-stories-of-women-of-color-tickets-411543476617?aff=ebdssbonlinesearch
Olga of Kiev and the Kievan Rus,Thu Nov 10 08:00:00 CET 2022,https://www.eventbrite.com/e/olga-of-kiev-and-the-kievan-rus-tickets-441888629787?aff=ebdssbonlinesearch
Personal Finances [Webinar] How to Manage Your Money!,Mon Nov 28 09:00:00 CET 2022,https://www.eventbrite.co.uk/e/personal-finances-webinar-how-to-manage-your-money-tickets-169094437013?aff=ebdssbonlinesearch
The Psychological Origins of Stigma & Bias [Free Webinar],Wed Nov 16 19:00:00 CET 2022,https://www.eventbrite.com/e/the-psychological-origins-of-stigma-bias-free-webinar-tickets-427951072177?aff=ebdssbonlinesearch
US Taiwan High-Tech Forum,Fri Nov 11 13:30:00 CET 2022,https://www.eventbrite.com/e/us-taiwan-high-tech-forum-tickets-429522231557?aff=ebdssbonlinesearch
Black Wealth Bootcamp-Create Wealth With Life Insurance While Alive(Online),Sat Nov 12 18:00:00 CET 2022,https://www.eventbrite.com/e/black-wealth-bootcamp-create-wealth-with-life-insurance-while-aliveonline-tickets-114537328232?aff=ebdssbonlinesearch
Monday - Community Mindfulness Meditation Sessions,Mon Nov 07 11:30:00 CET 2022,https://www.eventbrite.com/e/monday-community-mindfulness-meditation-sessions-tickets-133989589469?aff=ebdssbonlinesearch
LIVE Walk King Arthur's Round Table and Medieval Winchester,Thu Nov 17 17:00:00 CET 2022,https://www.eventbrite.com/e/live-walk-king-arthurs-round-table-and-medieval-winchester-tickets-444537352187?aff=ebdssbonlinesearch
Understanding Schizoaffective Disorder [Free Webinar],Thu Nov 17 19:00:00 CET 2022,https://www.eventbrite.com/e/understanding-schizoaffective-disorder-free-webinar-tickets-427957491377?aff=ebdssbonlinesearch
A BUSINESS WEBINAR: STEP-BY-STEP WAYS ON HOW TO MAKE $10000 MONTHLY,Fri Nov 11 19:00:00 CET 2022,https://www.eventbrite.com/e/a-business-webinar-step-by-step-ways-on-how-to-make-10000-monthly-tickets-447293566097?aff=ebdssbonlinesearch
Digital Accessibility Experts Live,Thu Nov 17 03:00:00 CET 2022,https://www.eventbrite.co.uk/e/digital-accessibility-experts-live-registration-111949261254?aff=ebdssbonlinesearch
8 Steps to Building a Culture of Accountability in your Team,Wed Nov 16 01:00:00 CET 2022,https://www.eventbrite.com.au/e/8-steps-to-building-a-culture-of-accountability-in-your-team-tickets-219718944277?aff=ebdssbonlinesearch
Working with Trauma: The Fundamentals - Kate Williams,Fri Nov 11 02:00:00 CET 2022,https://www.eventbrite.co.uk/e/working-with-trauma-the-fundamentals-kate-williams-tickets-411927816187?aff=ebdssbonlinesearch
The Tomb of the Queen Meresankh III,Sat Nov 12 07:00:00 CET 2022,https://www.eventbrite.com/e/the-tomb-of-the-queen-meresankh-iii-tickets-420133489577?aff=ebdssbonlinesearch
First Course NYC Information Session,Wed Nov 09 16:00:00 CET 2022,https://www.eventbrite.com/e/first-course-nyc-information-session-tickets-247336609457?aff=ebdssbonlinesearch
Essential statistics for Monitoring and Evaluation using SPSS,Sat Nov 12 06:00:00 CET 2022,https://www.eventbrite.com/e/essential-statistics-for-monitoring-and-evaluation-using-spss-tickets-430851136347?aff=ebdssbonlinesearch
The Power of Politics: How to Win the Game and Get Things Done,Wed Nov 09 15:30:00 CET 2022,https://www.eventbrite.com/e/the-power-of-politics-how-to-win-the-game-and-get-things-done-tickets-431867887477?aff=ebdssbonlinesearch
JAZZ AS CRITIQUE: WITH FUMI OKIJI,Tue Nov 15 07:00:00 CET 2022,https://www.eventbrite.co.uk/e/jazz-as-critique-with-fumi-okiji-tickets-416063807047?aff=ebdssbonlinesearch
Intellectual Property Basics and Helpful Resources,Thu Dec 01 18:00:00 CET 2022,https://www.eventbrite.com/e/intellectual-property-basics-and-helpful-resources-tickets-167640201355?aff=ebdssbonlinesearch
Elevating Innovation Virtual Conference,Tue Nov 08 17:00:00 CET 2022,https://www.eventbrite.com/e/elevating-innovation-virtual-conference-tickets-419711637807?aff=ebdssbonlinesearch
Psychology and Nonduality,Sun Nov 27 02:00:00 CET 2022,https://www.eventbrite.co.uk/e/psychology-and-nonduality-tickets-444783618777?aff=ebdssbonlinesearch
Football Weekly Live: World Cup preview,Thu Nov 17 09:00:00 CET 2022,https://www.eventbrite.co.uk/e/football-weekly-live-world-cup-preview-tickets-425694793587?aff=ebdssbonlinesearch
[HKMA David Li Kwok Po College] Online S1 Admission Seminar,Sat Nov 12 03:00:00 CET 2022,https://www.eventbrite.hk/e/hkma-david-li-kwok-po-college-online-s1-admission-seminar-tickets-445042854157?aff=ebdssbonlinesearch
Getting Started  with Patent Public Search: An Overview,Mon Nov 07 08:00:00 CET 2022,https://www.eventbrite.com/e/getting-started-with-patent-public-search-an-overview-tickets-403252829067?aff=ebdssbonlinesearch
Space Education Symposium,Sat Nov 12 17:00:00 CET 2022,https://www.eventbrite.com/e/space-education-symposium-tickets-392607037217?aff=ebdssbonlinesearch
Dollar Store Dinner: Online Cooking Class,Sat Nov 19 12:30:00 CET 2022,https://www.eventbrite.com/e/dollar-store-dinner-online-cooking-class-tickets-423874158017?aff=ebdssbonlinesearch
How to Create a Production Budget for your Short Film,Mon Nov 07 07:30:00 CET 2022,https://www.eventbrite.co.uk/e/how-to-create-a-production-budget-for-your-short-film-tickets-444100034157?aff=ebdssbonlinesearch
Cite Black Women: A Critical Praxis (The Cite Black Women Collective),Thu Nov 17 05:00:00 CET 2022,https://www.eventbrite.co.uk/e/cite-black-women-a-critical-praxis-the-cite-black-women-collective-tickets-432438052857?aff=ebdssbonlinesearch
Further Thoughts on Using TA to Work with Anxiety - Ganna Golovan,Mon Nov 28 11:00:00 CET 2022,https://www.eventbrite.co.uk/e/further-thoughts-on-using-ta-to-work-with-anxiety-ganna-golovan-tickets-407229443227?aff=ebdssbonlinesearch
Interpreter Opportunity and Job Fair,Thu Nov 17 11:00:00 CET 2022,https://www.eventbrite.com/e/interpreter-opportunity-and-job-fair-tickets-429155233857?aff=ebdssbonlinesearch
Understanding Obsessive Compulsive Disorder [Free Webinar],Tue Nov 22 19:00:00 CET 2022,https://www.eventbrite.com/e/understanding-obsessive-compulsive-disorder-free-webinar-tickets-431702733497?aff=ebdssbonlinesearch
Commemoration and burial practices of the Scots in 17th century Ireland,Sat Nov 12 06:00:00 CET 2022,https://www.eventbrite.co.uk/e/commemoration-and-burial-practices-of-the-scots-in-17th-century-ireland-registration-269659026407?aff=ebdssbonlinesearch
Beyond the Basic Cheese Board with Yasmin Fahr,Tue Nov 08 12:00:00 CET 2022,https://www.eventbrite.com/e/beyond-the-basic-cheese-board-with-yasmin-fahr-tickets-416919305867?aff=ebdssbonlinesearch
Splendid and venerable buildings: Scotland’s Medieval Parish Churches,Mon Nov 14 06:00:00 CET 2022,https://www.eventbrite.co.uk/e/splendid-and-venerable-buildings-scotlands-medieval-parish-churches-tickets-435603881937?aff=ebdssbonlinesearch
Online Mend-a-Long - Repair and Refashion your clothes,Mon Dec 05 08:30:00 CET 2022,https://www.eventbrite.co.uk/e/online-mend-a-long-repair-and-refashion-your-clothes-tickets-61161115543?aff=ebdssbonlinesearch
Understanding Adverse Childhood Experiences - Kate Blakemore,Fri Dec 02 02:00:00 CET 2022,https://www.eventbrite.co.uk/e/understanding-adverse-childhood-experiences-kate-blakemore-tickets-418405280457?aff=ebdssbonlinesearch
Promoting Health and Racial Equity Through Sustainable Homeownership,Thu Nov 10 08:00:00 CET 2022,https://www.eventbrite.com/e/promoting-health-and-racial-equity-through-sustainable-homeownership-tickets-443386560137?aff=ebdssbonlinesearch
World In Verse: A Virtual Poetry Reading,Tue Nov 08 18:00:00 CET 2022,https://www.eventbrite.com/e/world-in-verse-a-virtual-poetry-reading-tickets-416773910987?aff=ebdssbonlinesearch
Introduction to the World of Psychedelics (P.R.E.A.A.C.H),Sat Nov 12 07:00:00 CET 2022,https://www.eventbrite.com/e/introduction-to-the-world-of-psychedelics-preaach-tickets-432042971157?aff=ebdssbonlinesearch
Introduction to Visible Trans Allyship (Trans Awareness Week Training),Tue Nov 15 18:00:00 CET 2022,https://www.eventbrite.com.au/e/introduction-to-visible-trans-allyship-trans-awareness-week-training-tickets-423068377907?aff=ebdssbonlinesearch
Double Take Virtual Art Talk: Preserving Portraits of War,Wed Nov 09 07:00:00 CET 2022,https://www.eventbrite.com/e/double-take-virtual-art-talk-preserving-portraits-of-war-tickets-400296055277?aff=ebdssbonlinesearch
How to Draw Cats,Wed Dec 07 08:00:00 CET 2022,https://www.eventbrite.co.uk/e/how-to-draw-cats-tickets-458376696037?aff=ebdssbonlinesearch
7 mysterious mosques of Iran,Mon Nov 21 08:00:00 CET 2022,https://www.eventbrite.com/e/7-mysterious-mosques-of-iran-tickets-422798691267?aff=ebdssbonlinesearch
Radicalizing Urban Planning,Wed Nov 09 16:00:00 CET 2022,https://www.eventbrite.com/e/radicalizing-urban-planning-tickets-451047754977?aff=ebdssbonlinesearch
ENTERING BLOCKCHAIN - LIVE - SHOW [INDIA],Mon Nov 14 06:30:00 CET 2022,https://www.eventbrite.com/e/entering-blockchain-live-show-india-tickets-373446828517?aff=ebdssbonlinesearch
The Menopause and your well-being,Tue Nov 08 07:30:00 CET 2022,https://www.eventbrite.co.uk/e/the-menopause-and-your-well-being-tickets-439009197327?aff=ebdssbonlinesearch
The Aztec Empire: the Rise,Thu Nov 10 10:30:00 CET 2022,https://www.eventbrite.com/e/the-aztec-empire-the-rise-tickets-441600608307?aff=ebdssbonlinesearch
What? Me Worry?!? Supporting Children With Anxiety,Thu Nov 17 16:00:00 CET 2022,https://www.eventbrite.ca/e/what-me-worry-supporting-children-with-anxiety-tickets-449582271677?aff=ebdssbonlinesearch
Family Law Orientation YouTube,Thu Nov 10 18:00:00 CET 2022,https://www.eventbrite.com/e/family-law-orientation-youtube-registration-416098891987?aff=ebdssbonlinesearch
Rally: Celebrating Lula’s Victory - Building Solidarity,Mon Nov 07 08:00:00 CET 2022,https://www.eventbrite.co.uk/e/rally-celebrating-lulas-victory-building-solidarity-tickets-440476907287?aff=ebdssbonlinesearch
The Bulletin and Persons Unknown,Thu Nov 24 08:00:00 CET 2022,https://www.eventbrite.co.uk/e/the-bulletin-and-persons-unknown-tickets-453912613847?aff=ebdssbonlinesearch
FREE Virtual Cooking Class: Family Style Pot Pie,Tue Nov 08 13:00:00 CET 2022,https://www.eventbrite.com/e/free-virtual-cooking-class-family-style-pot-pie-tickets-435717541897?aff=ebdssbonlinesearch
PCQC Quality Matters Conference 2022,Thu Dec 08 17:00:00 CET 2022,https://www.eventbrite.com/e/pcqc-quality-matters-conference-2022-registration-392724468457?aff=ebdssbonlinesearch
Worn Out: Clothing Consumption and Climate Change,Fri Nov 25 20:00:00 CET 2022,https://www.eventbrite.ca/e/worn-out-clothing-consumption-and-climate-change-registration-391230961337?aff=ebdssbonlinesearch
Aspiring Entrepreneurs,Tue Nov 08 21:00:00 CET 2022,https://www.eventbrite.com/e/aspiring-entrepreneurs-tickets-419092064647?aff=ebdssbonlinesearch
The History of Historically Black Colleges & Universities   Lunch & Learn,Mon Nov 28 19:00:00 CET 2022,https://www.eventbrite.com/e/the-history-of-historically-black-colleges-universities-lunch-learn-tickets-254053720517?aff=ebdssbonlinesearch
Long-Term Personal Photography Projects with Evgenia Arbugaeva,Sat Nov 19 19:00:00 CET 2022,https://www.eventbrite.com/e/long-term-personal-photography-projects-with-evgenia-arbugaeva-tickets-416308599227?aff=ebdssbonlinesearch
Virtual Information Session about Revenue Officer positions,Tue Nov 08 18:00:00 CET 2022,https://www.eventbrite.com/e/virtual-information-session-about-revenue-officer-positions-tickets-450861838897?aff=ebdssbonlinesearch
CND Demo Day with Premier Nail Source,Mon Nov 07 07:00:00 CET 2022,https://www.eventbrite.com/e/cnd-demo-day-with-premier-nail-source-tickets-441794377877?aff=ebdssbonlinesearch
MedConnect | Rare disease: uniting genetics and breakthrough medicine,Tue Nov 15 20:00:00 CET 2022,https://www.eventbrite.com.au/e/medconnect-rare-disease-uniting-genetics-and-breakthrough-medicine-tickets-432343349597?aff=ebdssbonlinesearch
Working with survivors of abuse and trauma: A non-pathologising approach.,Tue Nov 15 12:00:00 CET 2022,https://www.eventbrite.co.uk/e/working-with-survivors-of-abuse-and-trauma-a-non-pathologising-approach-tickets-399554136177?aff=ebdssbonlinesearch
Out in Tech | Career Talks ✨,Tue Nov 15 07:00:00 CET 2022,https://www.eventbrite.com/e/out-in-tech-career-talks-registration-428808065467?aff=ebdssbonlinesearch
Christmas Yule Log Bake-Along with Smeg & Mon Dessert,Thu Nov 17 13:30:00 CET 2022,https://www.eventbrite.co.uk/e/christmas-yule-log-bake-along-with-smeg-mon-dessert-tickets-439514107527?aff=ebdssbonlinesearch
Small Business Spotlight Networking Meeting,Thu Nov 17 07:00:00 CET 2022,https://www.eventbrite.com/e/small-business-spotlight-networking-meeting-tickets-241727462347?aff=ebdssbonlinesearch
Neurodiversity at work,Tue Nov 15 02:30:00 CET 2022,https://www.eventbrite.com.au/e/neurodiversity-at-work-tickets-381523947397?aff=ebdssbonlinesearch
Inclusive Spaces: Religious Infrastructure in the City,Wed Nov 16 02:00:00 CET 2022,https://www.eventbrite.co.uk/e/inclusive-spaces-religious-infrastructure-in-the-city-tickets-432603868817?aff=ebdssbonlinesearch
Neuroscience - A new lens that brings healing to the trauma story!,Tue Nov 08 14:00:00 CET 2022,https://www.eventbrite.com/e/neuroscience-a-new-lens-that-brings-healing-to-the-trauma-story-tickets-440335915577?aff=ebdssbonlinesearch
Supporting Children & Teens with the PDA Profile,Thu Dec 01 09:00:00 CET 2022,https://www.eventbrite.co.uk/e/supporting-children-teens-with-the-pda-profile-tickets-373236158397?aff=ebdssbonlinesearch
*80's & 90's plus Disco* Online Dance Party - Free on Zoom!,Sat Nov 26 16:00:00 CET 2022,https://www.eventbrite.ca/e/80s-90s-plus-disco-online-dance-party-free-on-zoom-tickets-409476524307?aff=ebdssbonlinesearch
eGaming Virtual & Hybrid Hackathon  2022,Fri Nov 11 08:00:00 CET 2022,https://www.eventbrite.co.uk/e/egaming-virtual-hybrid-hackathon-2022-tickets-140254112827?aff=ebdssbonlinesearch
ADAPT International Convention 2022,No Date,https://www.eventbrite.sg/e/adapt-international-convention-2022-tickets-371037331647?aff=ebdssbonlinesearch
Matisse Picasso and Modigliani - Modern Art at the Barnes - Livestream,Fri Nov 11 14:00:00 CET 2022,https://www.eventbrite.com/e/matisse-picasso-and-modigliani-modern-art-at-the-barnes-livestream-tickets-424635414957?aff=ebdssbonlinesearch
Understanding Seasonal Affective Disorder [Free Webinar],Thu Dec 01 19:00:00 CET 2022,https://www.eventbrite.com/e/understanding-seasonal-affective-disorder-free-webinar-tickets-439759521567?aff=ebdssbonlinesearch
Abu Simbel: The Walking Temples,Sat Nov 19 07:00:00 CET 2022,https://www.eventbrite.com/e/abu-simbel-the-walking-temples-tickets-444612928237?aff=ebdssbonlinesearch
Madrid: magnificence traditions and...tapas!,Mon Nov 14 08:00:00 CET 2022,https://www.eventbrite.com/e/madrid-magnificence-traditions-andtapas-tickets-444079633137?aff=ebdssbonlinesearch
5x15 - 5 speakers 15 minutes each - November  2022,Mon Nov 14 08:00:00 CET 2022,https://www.eventbrite.co.uk/e/5x15-5-speakers-15-minutes-each-november-2022-tickets-402362475997?aff=ebdssbonlinesearch
Compassion Fatigue and Self-Care,Thu Dec 08 19:00:00 CET 2022,https://www.eventbrite.com/e/compassion-fatigue-and-self-care-tickets-293605862037?aff=ebdssbonlinesearch
Wild Hope with Ami Vitale,Mon Nov 07 08:00:00 CET 2022,https://www.eventbrite.com/e/wild-hope-with-ami-vitale-tickets-306050965677?aff=ebdssbonlinesearch
AI for advanced planning in supply chain  with Schneider Electric,Thu Nov 17 03:00:00 CET 2022,https://www.eventbrite.nl/e/ai-for-advanced-planning-in-supply-chain-with-schneider-electric-tickets-427122814837?aff=ebdssbonlinesearch
Journeys through food faith and culture,Thu Nov 10 02:00:00 CET 2022,https://www.eventbrite.co.uk/e/journeys-through-food-faith-and-culture-tickets-444580862327?aff=ebdssbonlinesearch
Rome after the Fall of the Roman Empire,Mon Nov 14 09:30:00 CET 2022,https://www.eventbrite.com/e/rome-after-the-fall-of-the-roman-empire-tickets-444116453267?aff=ebdssbonlinesearch
46th Lauretta Bender Conference,Tue Nov 08 14:45:00 CET 2022,https://www.eventbrite.com/e/46th-lauretta-bender-conference-tickets-311903480707?aff=ebdssbonlinesearch
Investment Zones: Will they work?,Thu Nov 10 13:00:00 CET 2022,https://www.eventbrite.co.uk/e/investment-zones-will-they-work-tickets-443502446757?aff=ebdssbonlinesearch
ADHD: Strategies for ‘Difficult Demanding Defiant and Different’,Tue Nov 08 02:00:00 CET 2022,https://www.eventbrite.co.uk/e/adhd-strategies-for-difficult-demanding-defiant-and-different-tickets-440786543417?aff=ebdssbonlinesearch
Small Business Day-Montgomery:(Virtual Launch Event) $1500 Free Resources,Sat Nov 12 19:00:00 CET 2022,https://www.eventbrite.com/e/small-business-day-montgomeryvirtual-launch-event-1500-free-resources-tickets-426469932047?aff=ebdssbonlinesearch
Open Doors 2022 Annual Data Release,Mon Nov 14 15:30:00 CET 2022,https://www.eventbrite.com/e/open-doors-2022-annual-data-release-registration-416283062847?aff=ebdssbonlinesearch
On Two-Spirit Identity and Cultural Expression  (Livestream),Thu Nov 10 15:00:00 CET 2022,https://www.eventbrite.com/e/on-two-spirit-identity-and-cultural-expression-livestream-tickets-397853629917?aff=ebdssbonlinesearch
No Corpse No Monument: Coffins for Vault Burial 1750-1900,Sat Nov 19 06:00:00 CET 2022,https://www.eventbrite.co.uk/e/no-corpse-no-monument-coffins-for-vault-burial-1750-1900-registration-269660691387?aff=ebdssbonlinesearch
The Untold Chapter Of British Traditional Wicca - Julia Phillips,Tue Dec 06 09:00:00 CET 2022,https://www.eventbrite.co.uk/e/the-untold-chapter-of-british-traditional-wicca-julia-phillips-tickets-403882311867?aff=ebdssbonlinesearch
How to Navigate Non-Suicidal Self Injury with Youth,Wed Nov 16 17:00:00 CET 2022,https://www.eventbrite.com/e/how-to-navigate-non-suicidal-self-injury-with-youth-registration-387021881867?aff=ebdssbonlinesearch
Monthly Group Energy Healing: release your baggage + call in what you want,Sat Nov 12 19:00:00 CET 2022,https://www.eventbrite.com/e/monthly-group-energy-healing-release-your-baggage-call-in-what-you-want-tickets-142797817115?aff=ebdssbonlinesearch
Working Relationally with (Complex) PTSD - Lesley van den Eijnden,Tue Nov 15 07:00:00 CET 2022,https://www.eventbrite.co.uk/e/working-relationally-with-complex-ptsd-lesley-van-den-eijnden-tickets-427744193397?aff=ebdssbonlinesearch
Healthy Holiday Entertaining Ideas  with May Zhu,Wed Nov 09 14:00:00 CET 2022,https://www.eventbrite.com/e/healthy-holiday-entertaining-ideas-with-may-zhu-tickets-439966069357?aff=ebdssbonlinesearch
Fundamentals of Home Espresso,Fri Nov 11 10:00:00 CET 2022,https://www.eventbrite.com/e/fundamentals-of-home-espresso-tickets-170334772891?aff=ebdssbonlinesearch
Building Resilience for Adolescent Dogs,Sat Nov 12 17:00:00 CET 2022,https://www.eventbrite.com/e/building-resilience-for-adolescent-dogs-tickets-430165766387?aff=ebdssbonlinesearch
Chinese Cooking: Chinese Crispy Noodles Workshop,Mon Nov 14 07:30:00 CET 2022,https://www.eventbrite.co.uk/e/chinese-cooking-chinese-crispy-noodles-workshop-tickets-451707829277?aff=ebdssbonlinesearch
Future Workforce & Training - Dstl Searchlight Webinar,Mon Nov 14 02:00:00 CET 2022,https://www.eventbrite.co.uk/e/future-workforce-training-dstl-searchlight-webinar-tickets-430950333047?aff=ebdssbonlinesearch
Parent Pacers - Monitoring benefits & dangers of the Parent Ego state,Thu Nov 10 07:00:00 CET 2022,https://www.eventbrite.co.uk/e/parent-pacers-monitoring-benefits-dangers-of-the-parent-ego-state-tickets-415177205197?aff=ebdssbonlinesearch
#GirlBossNight - Journey of a Technologist,Tue Nov 08 20:30:00 CET 2022,https://www.eventbrite.com.au/e/girlbossnight-journey-of-a-technologist-tickets-442632705337?aff=ebdssbonlinesearch
Buying Your Own Home in the Netherlands (Webinar),Thu Nov 17 10:30:00 CET 2022,https://www.eventbrite.ca/e/buying-your-own-home-in-the-netherlands-webinar-tickets-145652102359?aff=ebdssbonlinesearch
Workshop on How Nutrition and Health Change Over a Person's Life Course,Wed Nov 16 18:00:00 CET 2022,https://www.eventbrite.com/e/workshop-on-how-nutrition-and-health-change-over-a-persons-life-course-tickets-439686733857?aff=ebdssbonlinesearch
Culture and Society at Lullingstone Roman Villa,Wed Nov 16 08:30:00 CET 2022,https://www.eventbrite.co.uk/e/culture-and-society-at-lullingstone-roman-villa-tickets-442793385937?aff=ebdssbonlinesearch
Understanding Diabetes: Reducing Risk,Mon Nov 07 14:00:00 CET 2022,https://www.eventbrite.com/e/understanding-diabetes-reducing-risk-tickets-117437381369?aff=ebdssbonlinesearch
Tampa Career Fair,Fri Dec 09 15:30:00 CET 2022,https://www.eventbrite.com/e/tampa-career-fair-tickets-266251203517?aff=ebdssbonlinesearch
ShAFF Online  - Swimming in Reservoirs; Working With Water Companies,Mon Nov 28 08:30:00 CET 2022,https://www.eventbrite.co.uk/e/shaff-online-swimming-in-reservoirs-working-with-water-companies-tickets-431648641707?aff=ebdssbonlinesearch
Speak the Word: online poetry editing workshop,Sat Nov 12 07:00:00 CET 2022,https://www.eventbrite.co.uk/e/speak-the-word-online-poetry-editing-workshop-tickets-163060930633?aff=ebdssbonlinesearch
Emerging Trans Researchers Conference 2022,Fri Nov 18 00:00:00 CET 2022,https://www.eventbrite.com.au/e/emerging-trans-researchers-conference-2022-tickets-401821186987?aff=ebdssbonlinesearch
PHOTOGRAPHY TALK:  Creative flower & plant photography with Molly Hollman,Wed Nov 30 08:00:00 CET 2022,https://www.eventbrite.co.uk/e/photography-talk-creative-flower-plant-photography-with-molly-hollman-tickets-388032243887?aff=ebdssbonlinesearch
Get Holiday Ready with Chef Jordan Andino,Wed Nov 09 12:00:00 CET 2022,https://www.eventbrite.com/e/get-holiday-ready-with-chef-jordan-andino-tickets-419964343657?aff=ebdssbonlinesearch
*60's & 70's Music* Online Dance Party - Free on Zoom,Sat Dec 03 16:00:00 CET 2022,https://www.eventbrite.ca/e/60s-70s-music-online-dance-party-free-on-zoom-tickets-425028079427?aff=ebdssbonlinesearch
Royal Navy Engineers Virtual Experience,Tue Nov 08 07:30:00 CET 2022,https://www.eventbrite.co.uk/e/royal-navy-engineers-virtual-experience-tickets-445145982617?aff=ebdssbonlinesearch
*Funk Soul Motown & American Bandstand* Online Dance Party - Free on Zoom,Sat Nov 19 16:00:00 CET 2022,https://www.eventbrite.ca/e/funk-soul-motown-american-bandstand-online-dance-party-free-on-zoom-tickets-422011627137?aff=ebdssbonlinesearch
*90's Music* Online Dance Party - Free on Zoom,Sat Nov 12 16:00:00 CET 2022,https://www.eventbrite.ca/e/90s-music-online-dance-party-free-on-zoom-tickets-422022108487?aff=ebdssbonlinesearch
Tracing the Footsteps of Alexander the Great,Thu Nov 24 09:00:00 CET 2022,https://www.eventbrite.com/e/tracing-the-footsteps-of-alexander-the-great-tickets-451831188247?aff=ebdssbonlinesearch
Understanding PTSD [Free Webinar],Wed Nov 30 19:00:00 CET 2022,https://www.eventbrite.com/e/understanding-ptsd-free-webinar-tickets-439605099687?aff=ebdssbonlinesearch
Small Business Saturday Virtual Shopping with the Coalition,Sat Nov 26 16:00:00 CET 2022,https://www.eventbrite.com/e/small-business-saturday-virtual-shopping-with-the-coalition-tickets-441423949917?aff=ebdssbonlinesearch
"The ""Puerto Rican Problem"" in Postwar New York City",Tue Nov 29 12:30:00 CET 2022,https://www.eventbrite.com/e/the-puerto-rican-problem-in-postwar-new-york-city-tickets-412827266467?aff=ebdssbonlinesearch
Complexity and the Challenge for Intelligence Analysis,Wed Nov 09 18:00:00 CET 2022,https://www.eventbrite.com/e/complexity-and-the-challenge-for-intelligence-analysis-tickets-444129271607?aff=ebdssbonlinesearch
Cute Aggression: What Is It and Do I Have It?,Wed Nov 09 10:00:00 CET 2022,https://www.eventbrite.com/e/cute-aggression-what-is-it-and-do-i-have-it-tickets-461212548147?aff=ebdssbonlinesearch
Understanding Borderline Personality Disorder [Free Webinar],Tue Dec 13 19:00:00 CET 2022,https://www.eventbrite.com/e/understanding-borderline-personality-disorder-free-webinar-tickets-449454890677?aff=ebdssbonlinesearch
Your Black Matters,Wed Nov 30 13:00:00 CET 2022,https://www.eventbrite.com/e/your-black-matters-tickets-115070111802?aff=ebdssbonlinesearch
Sensory Processing Disorder – Overloaded Overwhelmed and Misunderstood!,Wed Nov 09 07:30:00 CET 2022,https://www.eventbrite.ie/e/sensory-processing-disorder-overloaded-overwhelmed-and-misunderstood-tickets-419647275297?aff=ebdssbonlinesearch
Venice Walking Tour: Castello district the untouched Venice,Wed Nov 23 15:00:00 CET 2022,https://www.eventbrite.com/e/venice-walking-tour-castello-district-the-untouched-venice-tickets-449399966397?aff=ebdssbonlinesearch
The Peregrine: Ecology and Biology Richard Sale and Steve Watson & LBC AGM,Thu Nov 17 07:30:00 CET 2022,https://www.eventbrite.co.uk/e/the-peregrine-ecology-and-biology-richard-sale-and-steve-watson-lbc-agm-tickets-408219093297?aff=ebdssbonlinesearch
PiP Webinar Series: Bespoke House Design,Tue Nov 15 10:00:00 CET 2022,https://www.eventbrite.co.uk/e/pip-webinar-series-bespoke-house-design-tickets-449526033467?aff=ebdssbonlinesearch
Social Work in Libraries Symposium,Wed Nov 30 23:00:00 CET 2022,https://www.eventbrite.com.au/e/social-work-in-libraries-symposium-tickets-415778764477?aff=ebdssbonlinesearch
AUTISM & MAKING SPACE,Tue Nov 15 21:30:00 CET 2022,https://www.eventbrite.com.au/e/autism-making-space-tickets-444934680607?aff=ebdssbonlinesearch
Colosseum of Rome: History and Legends,Mon Nov 21 09:30:00 CET 2022,https://www.eventbrite.com/e/colosseum-of-rome-history-and-legends-tickets-447787353027?aff=ebdssbonlinesearch
Georgia O’Keeffe Birthday Celebration - Art & Film History Livestream,Sun Nov 13 14:00:00 CET 2022,https://www.eventbrite.com/e/georgia-okeeffe-birthday-celebration-art-film-history-livestream-tickets-428190909537?aff=ebdssbonlinesearch
Stress: Signs Symptoms Management and Prevention [Free Webinar],Tue Nov 29 19:00:00 CET 2022,https://www.eventbrite.com/e/stress-signs-symptoms-management-and-prevention-free-webinar-tickets-439599813877?aff=ebdssbonlinesearch
Snakebite - from a local and a global perspective,Wed Nov 16 20:00:00 CET 2022,https://www.eventbrite.com.au/e/snakebite-from-a-local-and-a-global-perspective-tickets-444871060317?aff=ebdssbonlinesearch
The Fog of War: Robert McNamara and Vietnam - Film History Livestream,Sat Nov 12 16:00:00 CET 2022,https://www.eventbrite.com/e/the-fog-of-war-robert-mcnamara-and-vietnam-film-history-livestream-tickets-426615346987?aff=ebdssbonlinesearch
Arts-Based Approaches to Advancing Youth Mental Health & Wellbeing,Mon Nov 07 07:00:00 CET 2022,https://www.eventbrite.ca/e/arts-based-approaches-to-advancing-youth-mental-health-wellbeing-tickets-441199849627?aff=ebdssbonlinesearch
